image_path,caption,emoji,name
images/0000_grinning_face_aug00.png,a colorful emoji depicting grinning face,😀,grinning face
images/0000_grinning_face_aug01.png,pixel art of grinning face,😀,grinning face
images/0000_grinning_face_aug02.png,a happy emoji,😀,grinning face
images/0000_grinning_face_aug03.png,emoji: happy,😀,grinning face
images/0001_grinning_face_with_big_eyes_aug00.png,emoji showing grinning face with big eyes,😃,grinning face with big eyes
images/0001_grinning_face_with_big_eyes_aug01.png,an emoji of grinning face with big eyes,😃,grinning face with big eyes
images/0001_grinning_face_with_big_eyes_aug02.png,emoji: joy,😃,grinning face with big eyes
images/0001_grinning_face_with_big_eyes_aug03.png,a joy emoji,😃,grinning face with big eyes
images/0002_grinning_face_with_smiling_eyes_aug00.png,emoji: laugh,😄,grinning face with smiling eyes
images/0002_grinning_face_with_smiling_eyes_aug01.png,a happy emoji,😄,grinning face with smiling eyes
images/0002_grinning_face_with_smiling_eyes_aug02.png,a small illustration of grinning face with smiling eyes,😄,grinning face with smiling eyes
images/0002_grinning_face_with_smiling_eyes_aug03.png,happy laughing face squinting eyes,😄,grinning face with smiling eyes
images/0003_beaming_face_with_smiling_eyes_aug00.png,a grin emoji,😁,beaming face with smiling eyes
images/0003_beaming_face_with_smiling_eyes_aug01.png,a beam emoji,😁,beaming face with smiling eyes
images/0003_beaming_face_with_smiling_eyes_aug02.png,big grin squinting eyes,😁,beaming face with smiling eyes
images/0003_beaming_face_with_smiling_eyes_aug03.png,cartoon beaming face with smiling eyes,😁,beaming face with smiling eyes
images/0004_grinning_squinting_face_aug00.png,emoji: lol,😆,grinning squinting face
images/0004_grinning_squinting_face_aug01.png,laughing face closed eyes,😆,grinning squinting face
images/0004_grinning_squinting_face_aug02.png,emoji: funny,😆,grinning squinting face
images/0004_grinning_squinting_face_aug03.png,a colorful emoji depicting grinning squinting face,😆,grinning squinting face
images/0005_grinning_face_with_sweat_aug00.png,grinning face with sweat icon,😅,grinning face with sweat
images/0005_grinning_face_with_sweat_aug01.png,a small illustration of grinning face with sweat,😅,grinning face with sweat
images/0005_grinning_face_with_sweat_aug02.png,a sweat emoji,😅,grinning face with sweat
images/0005_grinning_face_with_sweat_aug03.png,a nervous emoji,😅,grinning face with sweat
images/0006_rolling_on_the_floor_laughing_aug00.png,emoji: rofl,🤣,rolling on the floor laughing
images/0006_rolling_on_the_floor_laughing_aug01.png,rofl laughing tears falling,🤣,rolling on the floor laughing
images/0006_rolling_on_the_floor_laughing_aug02.png,emoji: funny,🤣,rolling on the floor laughing
images/0006_rolling_on_the_floor_laughing_aug03.png,an emoji of rolling on the floor laughing,🤣,rolling on the floor laughing
images/0007_face_with_tears_of_joy_aug00.png,cartoon face with tears of joy,😂,face with tears of joy
images/0007_face_with_tears_of_joy_aug01.png,a funny emoji,😂,face with tears of joy
images/0007_face_with_tears_of_joy_aug02.png,emoji: lol,😂,face with tears of joy
images/0007_face_with_tears_of_joy_aug03.png,a tears emoji,😂,face with tears of joy
images/0008_slightly_smiling_face_aug00.png,emoji: gentle,🙂,slightly smiling face
images/0008_slightly_smiling_face_aug01.png,pixel art of slightly smiling face,🙂,slightly smiling face
images/0008_slightly_smiling_face_aug02.png,a colorful emoji depicting slightly smiling face,🙂,slightly smiling face
images/0008_slightly_smiling_face_aug03.png,emoji showing slightly smiling face,🙂,slightly smiling face
images/0009_upside-down_face_aug00.png,pixel art of upside-down face,🙃,upside-down face
images/0009_upside-down_face_aug01.png,an emoji of upside-down face,🙃,upside-down face
images/0009_upside-down_face_aug02.png,a silly emoji,🙃,upside-down face
images/0009_upside-down_face_aug03.png,emoji: irony,🙃,upside-down face
images/0010_winking_face_aug00.png,a flirt emoji,😉,winking face
images/0010_winking_face_aug01.png,a small illustration of winking face,😉,winking face
images/0010_winking_face_aug02.png,icon of winking face,😉,winking face
images/0010_winking_face_aug03.png,a colorful emoji depicting winking face,😉,winking face
images/0011_smiling_face_with_smiling_eyes_aug00.png,icon of smiling face with smiling eyes,😊,smiling face with smiling eyes
images/0011_smiling_face_with_smiling_eyes_aug01.png,emoji showing smiling face with smiling eyes,😊,smiling face with smiling eyes
images/0011_smiling_face_with_smiling_eyes_aug02.png,a happy emoji,😊,smiling face with smiling eyes
images/0011_smiling_face_with_smiling_eyes_aug03.png,a warm emoji,😊,smiling face with smiling eyes
images/0012_smiling_face_with_halo_aug00.png,a halo emoji,😇,smiling face with halo
images/0012_smiling_face_with_halo_aug01.png,emoji: innocent,😇,smiling face with halo
images/0012_smiling_face_with_halo_aug02.png,angel innocent halo face,😇,smiling face with halo
images/0012_smiling_face_with_halo_aug03.png,a angel emoji,😇,smiling face with halo
images/0013_smiling_face_with_hearts_aug00.png,cartoon smiling face with hearts,🥰,smiling face with hearts
images/0013_smiling_face_with_hearts_aug01.png,an emoji: in love hearts around face,🥰,smiling face with hearts
images/0013_smiling_face_with_hearts_aug02.png,smiling face with hearts,🥰,smiling face with hearts
images/0013_smiling_face_with_hearts_aug03.png,icon of smiling face with hearts,🥰,smiling face with hearts
images/0014_smiling_face_with_heart-eyes_aug00.png,a heart eyes emoji,😍,smiling face with heart-eyes
images/0014_smiling_face_with_heart-eyes_aug01.png,emoji showing smiling face with heart-eyes,😍,smiling face with heart-eyes
images/0014_smiling_face_with_heart-eyes_aug02.png,emoji: crush,😍,smiling face with heart-eyes
images/0014_smiling_face_with_heart-eyes_aug03.png,icon of smiling face with heart-eyes,😍,smiling face with heart-eyes
images/0015_star-struck_face_aug00.png,an emoji of star-struck face,🤩,star-struck face
images/0015_star-struck_face_aug01.png,emoji icon: star-struck face,🤩,star-struck face
images/0015_star-struck_face_aug02.png,icon of star-struck face,🤩,star-struck face
images/0015_star-struck_face_aug03.png,emoji: amazed,🤩,star-struck face
images/0016_face_blowing_a_kiss_aug00.png,emoji showing face blowing a kiss,😘,face blowing a kiss
images/0016_face_blowing_a_kiss_aug01.png,a kiss emoji,😘,face blowing a kiss
images/0016_face_blowing_a_kiss_aug02.png,face blowing a kiss,😘,face blowing a kiss
images/0016_face_blowing_a_kiss_aug03.png,face blowing a kiss icon,😘,face blowing a kiss
images/0017_kissing_face_aug00.png,a colorful emoji depicting kissing face,😗,kissing face
images/0017_kissing_face_aug01.png,icon of kissing face,😗,kissing face
images/0017_kissing_face_aug02.png,a small illustration of kissing face,😗,kissing face
images/0017_kissing_face_aug03.png,an emoji of kissing face,😗,kissing face
images/0018_kissing_face_with_smiling_eyes_aug00.png,a smile emoji,😙,kissing face with smiling eyes
images/0018_kissing_face_with_smiling_eyes_aug01.png,a happy emoji,😙,kissing face with smiling eyes
images/0018_kissing_face_with_smiling_eyes_aug02.png,an emoji: happy kiss closed eyes,😙,kissing face with smiling eyes
images/0018_kissing_face_with_smiling_eyes_aug03.png,a colorful emoji depicting kissing face with smiling eyes,😙,kissing face with smiling eyes
images/0019_kissing_face_with_closed_eyes_aug00.png,a small illustration of kissing face with closed eyes,😚,kissing face with closed eyes
images/0019_kissing_face_with_closed_eyes_aug01.png,emoji showing kissing face with closed eyes,😚,kissing face with closed eyes
images/0019_kissing_face_with_closed_eyes_aug02.png,a kiss emoji,😚,kissing face with closed eyes
images/0019_kissing_face_with_closed_eyes_aug03.png,kissing face with closed eyes,😚,kissing face with closed eyes
images/0020_face_savoring_food_aug00.png,icon of face savoring food,😋,face savoring food
images/0020_face_savoring_food_aug01.png,a colorful emoji depicting face savoring food,😋,face savoring food
images/0020_face_savoring_food_aug02.png,emoji icon: face savoring food,😋,face savoring food
images/0020_face_savoring_food_aug03.png,emoji: yummy,😋,face savoring food
images/0021_face_with_tongue_aug00.png,emoji icon: face with tongue,😛,face with tongue
images/0021_face_with_tongue_aug01.png,a face with tongue emoji,😛,face with tongue
images/0021_face_with_tongue_aug02.png,a tongue emoji,😛,face with tongue
images/0021_face_with_tongue_aug03.png,pixel art of face with tongue,😛,face with tongue
images/0022_winking_face_with_tongue_aug00.png,a small illustration of winking face with tongue,😜,winking face with tongue
images/0022_winking_face_with_tongue_aug01.png,winking face with tongue,😜,winking face with tongue
images/0022_winking_face_with_tongue_aug02.png,a wink emoji,😜,winking face with tongue
images/0022_winking_face_with_tongue_aug03.png,a tongue emoji,😜,winking face with tongue
images/0023_zany_face_aug00.png,a wacky emoji,🤪,zany face
images/0023_zany_face_aug01.png,a crazy emoji,🤪,zany face
images/0023_zany_face_aug02.png,crazy wacky zany one eye larger,🤪,zany face
images/0023_zany_face_aug03.png,an emoji of zany face,🤪,zany face
images/0024_squinting_face_with_tongue_aug00.png,squinting face with tongue,😝,squinting face with tongue
images/0024_squinting_face_with_tongue_aug01.png,a small illustration of squinting face with tongue,😝,squinting face with tongue
images/0024_squinting_face_with_tongue_aug02.png,an emoji: tongue out squinting gross,😝,squinting face with tongue
images/0024_squinting_face_with_tongue_aug03.png,emoji: tongue,😝,squinting face with tongue
images/0025_money-mouth_face_aug00.png,a money emoji,🤑,money-mouth face
images/0025_money-mouth_face_aug01.png,an emoji: dollar signs eyes money tongue,🤑,money-mouth face
images/0025_money-mouth_face_aug02.png,money-mouth face icon,🤑,money-mouth face
images/0025_money-mouth_face_aug03.png,a money-mouth face emoji,🤑,money-mouth face
images/0026_smiling_face_with_open_hands_aug00.png,cartoon smiling face with open hands,🤗,smiling face with open hands
images/0026_smiling_face_with_open_hands_aug01.png,a warm emoji,🤗,smiling face with open hands
images/0026_smiling_face_with_open_hands_aug02.png,a smiling face with open hands emoji,🤗,smiling face with open hands
images/0026_smiling_face_with_open_hands_aug03.png,icon of smiling face with open hands,🤗,smiling face with open hands
images/0027_face_with_hand_over_mouth_aug00.png,emoji icon: face with hand over mouth,🤭,face with hand over mouth
images/0027_face_with_hand_over_mouth_aug01.png,pixel art of face with hand over mouth,🤭,face with hand over mouth
images/0027_face_with_hand_over_mouth_aug02.png,an emoji of face with hand over mouth,🤭,face with hand over mouth
images/0027_face_with_hand_over_mouth_aug03.png,icon of face with hand over mouth,🤭,face with hand over mouth
images/0028_shushing_face_aug00.png,cartoon shushing face,🤫,shushing face
images/0028_shushing_face_aug01.png,an emoji: quiet shush finger on lips,🤫,shushing face
images/0028_shushing_face_aug02.png,an emoji of shushing face,🤫,shushing face
images/0028_shushing_face_aug03.png,emoji: shush,🤫,shushing face
images/0029_thinking_face_aug00.png,emoji showing thinking face,🤔,thinking face
images/0029_thinking_face_aug01.png,a ponder emoji,🤔,thinking face
images/0029_thinking_face_aug02.png,emoji: ponder,🤔,thinking face
images/0029_thinking_face_aug03.png,thinking chin hand pondering,🤔,thinking face
images/0030_neutral_face_aug00.png,a small illustration of neutral face,😐,neutral face
images/0030_neutral_face_aug01.png,icon of neutral face,😐,neutral face
images/0030_neutral_face_aug02.png,a neutral face emoji,😐,neutral face
images/0030_neutral_face_aug03.png,neutral face icon,😐,neutral face
images/0031_expressionless_face_aug00.png,emoji icon: expressionless face,😑,expressionless face
images/0031_expressionless_face_aug01.png,deadpan expressionless flat,😑,expressionless face
images/0031_expressionless_face_aug02.png,a colorful emoji depicting expressionless face,😑,expressionless face
images/0031_expressionless_face_aug03.png,emoji showing expressionless face,😑,expressionless face
images/0032_face_without_mouth_aug00.png,a face without mouth emoji,😶,face without mouth
images/0032_face_without_mouth_aug01.png,face without mouth,😶,face without mouth
images/0032_face_without_mouth_aug02.png,a colorful emoji depicting face without mouth,😶,face without mouth
images/0032_face_without_mouth_aug03.png,an emoji: speechless no mouth silent,😶,face without mouth
images/0033_smirking_face_aug00.png,emoji icon: smirking face,😏,smirking face
images/0033_smirking_face_aug01.png,cartoon smirking face,😏,smirking face
images/0033_smirking_face_aug02.png,emoji: smirk,😏,smirking face
images/0033_smirking_face_aug03.png,emoji: smug,😏,smirking face
images/0034_unamused_face_aug00.png,emoji: bored,😒,unamused face
images/0034_unamused_face_aug01.png,a unamused face emoji,😒,unamused face
images/0034_unamused_face_aug02.png,a unamused emoji,😒,unamused face
images/0034_unamused_face_aug03.png,unimpressed side eye bored,😒,unamused face
images/0035_face_with_rolling_eyes_aug00.png,a small illustration of face with rolling eyes,🙄,face with rolling eyes
images/0035_face_with_rolling_eyes_aug01.png,an emoji of face with rolling eyes,🙄,face with rolling eyes
images/0035_face_with_rolling_eyes_aug02.png,an emoji: eye roll skeptical whatever,🙄,face with rolling eyes
images/0035_face_with_rolling_eyes_aug03.png,face with rolling eyes icon,🙄,face with rolling eyes
images/0036_grimacing_face_aug00.png,an emoji of grimacing face,😬,grimacing face
images/0036_grimacing_face_aug01.png,emoji: awkward,😬,grimacing face
images/0036_grimacing_face_aug02.png,a nervous emoji,😬,grimacing face
images/0036_grimacing_face_aug03.png,grimace awkward nervous teeth,😬,grimacing face
images/0037_lying_face_aug00.png,an emoji of lying face,🤥,lying face
images/0037_lying_face_aug01.png,emoji: pinocchio,🤥,lying face
images/0037_lying_face_aug02.png,cartoon lying face,🤥,lying face
images/0037_lying_face_aug03.png,a lie emoji,🤥,lying face
images/0038_pensive_face_aug00.png,a pensive emoji,😔,pensive face
images/0038_pensive_face_aug01.png,an emoji: sad thoughtful downcast eyes,😔,pensive face
images/0038_pensive_face_aug02.png,pixel art of pensive face,😔,pensive face
images/0038_pensive_face_aug03.png,pensive face,😔,pensive face
images/0039_sleepy_face_aug00.png,a sleepy emoji,😪,sleepy face
images/0039_sleepy_face_aug01.png,a drool emoji,😪,sleepy face
images/0039_sleepy_face_aug02.png,icon of sleepy face,😪,sleepy face
images/0039_sleepy_face_aug03.png,emoji: tired,😪,sleepy face
images/0040_drooling_face_aug00.png,icon of drooling face,🤤,drooling face
images/0040_drooling_face_aug01.png,a desire emoji,🤤,drooling face
images/0040_drooling_face_aug02.png,an emoji: drooling mouth watering desire,🤤,drooling face
images/0040_drooling_face_aug03.png,an emoji of drooling face,🤤,drooling face
images/0041_sleeping_face_aug00.png,a sleeping face emoji,😴,sleeping face
images/0041_sleeping_face_aug01.png,emoji: zzz,😴,sleeping face
images/0041_sleeping_face_aug02.png,a tired emoji,😴,sleeping face
images/0041_sleeping_face_aug03.png,a colorful emoji depicting sleeping face,😴,sleeping face
images/0042_face_with_medical_mask_aug00.png,a ill emoji,😷,face with medical mask
images/0042_face_with_medical_mask_aug01.png,icon of face with medical mask,😷,face with medical mask
images/0042_face_with_medical_mask_aug02.png,emoji showing face with medical mask,😷,face with medical mask
images/0042_face_with_medical_mask_aug03.png,a sick emoji,😷,face with medical mask
images/0043_face_with_thermometer_aug00.png,an emoji of face with thermometer,🤒,face with thermometer
images/0043_face_with_thermometer_aug01.png,cartoon face with thermometer,🤒,face with thermometer
images/0043_face_with_thermometer_aug02.png,emoji: sick,🤒,face with thermometer
images/0043_face_with_thermometer_aug03.png,face with thermometer,🤒,face with thermometer
images/0044_face_with_head-bandage_aug00.png,cartoon face with head-bandage,🤕,face with head-bandage
images/0044_face_with_head-bandage_aug01.png,injured head bandage hurt,🤕,face with head-bandage
images/0044_face_with_head-bandage_aug02.png,a hurt emoji,🤕,face with head-bandage
images/0044_face_with_head-bandage_aug03.png,a face with head-bandage emoji,🤕,face with head-bandage
images/0045_nauseated_face_aug00.png,emoji: disgusted,🤢,nauseated face
images/0045_nauseated_face_aug01.png,nauseated face,🤢,nauseated face
images/0045_nauseated_face_aug02.png,emoji: nausea,🤢,nauseated face
images/0045_nauseated_face_aug03.png,a nausea emoji,🤢,nauseated face
images/0046_sneezing_face_aug00.png,a cold emoji,🤧,sneezing face
images/0046_sneezing_face_aug01.png,icon of sneezing face,🤧,sneezing face
images/0046_sneezing_face_aug02.png,emoji showing sneezing face,🤧,sneezing face
images/0046_sneezing_face_aug03.png,a colorful emoji depicting sneezing face,🤧,sneezing face
images/0047_hot_face_aug00.png,emoji: hot,🥵,hot face
images/0047_hot_face_aug01.png,icon of hot face,🥵,hot face
images/0047_hot_face_aug02.png,hot face icon,🥵,hot face
images/0047_hot_face_aug03.png,an emoji of hot face,🥵,hot face
images/0048_cold_face_aug00.png,a colorful emoji depicting cold face,🥶,cold face
images/0048_cold_face_aug01.png,emoji: icicle,🥶,cold face
images/0048_cold_face_aug02.png,a cold emoji,🥶,cold face
images/0048_cold_face_aug03.png,emoji: cold,🥶,cold face
images/0049_dizzy_face_aug00.png,emoji: dizzy,😵,dizzy face
images/0049_dizzy_face_aug01.png,a small illustration of dizzy face,😵,dizzy face
images/0049_dizzy_face_aug02.png,a dizzy face emoji,😵,dizzy face
images/0049_dizzy_face_aug03.png,a confused emoji,😵,dizzy face
images/0050_exploding_head_aug00.png,emoji: mind blown,🤯,exploding head
images/0050_exploding_head_aug01.png,exploding head,🤯,exploding head
images/0050_exploding_head_aug02.png,emoji icon: exploding head,🤯,exploding head
images/0050_exploding_head_aug03.png,pixel art of exploding head,🤯,exploding head
images/0051_woozy_face_aug00.png,woozy face,🥴,woozy face
images/0051_woozy_face_aug01.png,emoji: woozy,🥴,woozy face
images/0051_woozy_face_aug02.png,an emoji: drunk woozy dizzy unsteady,🥴,woozy face
images/0051_woozy_face_aug03.png,a woozy face emoji,🥴,woozy face
images/0052_confused_face_aug00.png,confused face,😕,confused face
images/0052_confused_face_aug01.png,a small illustration of confused face,😕,confused face
images/0052_confused_face_aug02.png,emoji: unsure,😕,confused face
images/0052_confused_face_aug03.png,confused face icon,😕,confused face
images/0053_worried_face_aug00.png,a worried face emoji,😟,worried face
images/0053_worried_face_aug01.png,pixel art of worried face,😟,worried face
images/0053_worried_face_aug02.png,worried face icon,😟,worried face
images/0053_worried_face_aug03.png,a small illustration of worried face,😟,worried face
images/0054_slightly_frowning_face_aug00.png,a slight emoji,🙁,slightly frowning face
images/0054_slightly_frowning_face_aug01.png,pixel art of slightly frowning face,🙁,slightly frowning face
images/0054_slightly_frowning_face_aug02.png,slight frown unhappy disappointed,🙁,slightly frowning face
images/0054_slightly_frowning_face_aug03.png,emoji showing slightly frowning face,🙁,slightly frowning face
images/0055_frowning_face_aug00.png,emoji: unhappy,☹️,frowning face
images/0055_frowning_face_aug01.png,emoji showing frowning face,☹️,frowning face
images/0055_frowning_face_aug02.png,emoji: sad,☹️,frowning face
images/0055_frowning_face_aug03.png,emoji: frown,☹️,frowning face
images/0056_face_with_open_mouth_aug00.png,emoji icon: face with open mouth,😮,face with open mouth
images/0056_face_with_open_mouth_aug01.png,cartoon face with open mouth,😮,face with open mouth
images/0056_face_with_open_mouth_aug02.png,emoji: open mouth,😮,face with open mouth
images/0056_face_with_open_mouth_aug03.png,face with open mouth,😮,face with open mouth
images/0057_hushed_face_aug00.png,an emoji of hushed face,😯,hushed face
images/0057_hushed_face_aug01.png,emoji icon: hushed face,😯,hushed face
images/0057_hushed_face_aug02.png,a surprised emoji,😯,hushed face
images/0057_hushed_face_aug03.png,an emoji: hushed surprised shocked wide eyes,😯,hushed face
images/0058_astonished_face_aug00.png,a small illustration of astonished face,😲,astonished face
images/0058_astonished_face_aug01.png,pixel art of astonished face,😲,astonished face
images/0058_astonished_face_aug02.png,a jaw drop emoji,😲,astonished face
images/0058_astonished_face_aug03.png,emoji showing astonished face,😲,astonished face
images/0059_flushed_face_aug00.png,an emoji: flushed embarrassed red face wide eyes,😳,flushed face
images/0059_flushed_face_aug01.png,emoji showing flushed face,😳,flushed face
images/0059_flushed_face_aug02.png,a flushed emoji,😳,flushed face
images/0059_flushed_face_aug03.png,emoji icon: flushed face,😳,flushed face
images/0060_pleading_face_aug00.png,a colorful emoji depicting pleading face,🥺,pleading face
images/0060_pleading_face_aug01.png,emoji showing pleading face,🥺,pleading face
images/0060_pleading_face_aug02.png,an emoji: puppy eyes begging please,🥺,pleading face
images/0060_pleading_face_aug03.png,cartoon pleading face,🥺,pleading face
images/0061_frowning_face_with_open_mouth_aug00.png,emoji icon: frowning face with open mouth,😦,frowning face with open mouth
images/0061_frowning_face_with_open_mouth_aug01.png,a colorful emoji depicting frowning face with open mouth,😦,frowning face with open mouth
images/0061_frowning_face_with_open_mouth_aug02.png,icon of frowning face with open mouth,😦,frowning face with open mouth
images/0061_frowning_face_with_open_mouth_aug03.png,pixel art of frowning face with open mouth,😦,frowning face with open mouth
images/0062_anguished_face_aug00.png,emoji: pain,😧,anguished face
images/0062_anguished_face_aug01.png,an emoji: anguished distressed open mouth,😧,anguished face
images/0062_anguished_face_aug02.png,anguished face icon,😧,anguished face
images/0062_anguished_face_aug03.png,pixel art of anguished face,😧,anguished face
images/0063_fearful_face_aug00.png,a frightened emoji,😨,fearful face
images/0063_fearful_face_aug01.png,fearful face,😨,fearful face
images/0063_fearful_face_aug02.png,emoji showing fearful face,😨,fearful face
images/0063_fearful_face_aug03.png,a fearful face emoji,😨,fearful face
images/0064_anxious_face_with_sweat_aug00.png,anxious nervous worried sweat cold,😰,anxious face with sweat
images/0064_anxious_face_with_sweat_aug01.png,icon of anxious face with sweat,😰,anxious face with sweat
images/0064_anxious_face_with_sweat_aug02.png,anxious face with sweat,😰,anxious face with sweat
images/0064_anxious_face_with_sweat_aug03.png,emoji showing anxious face with sweat,😰,anxious face with sweat
images/0065_sad_but_relieved_face_aug00.png,a sad emoji,😥,sad but relieved face
images/0065_sad_but_relieved_face_aug01.png,emoji: worried,😥,sad but relieved face
images/0065_sad_but_relieved_face_aug02.png,a small illustration of sad but relieved face,😥,sad but relieved face
images/0065_sad_but_relieved_face_aug03.png,icon of sad but relieved face,😥,sad but relieved face
images/0066_crying_face_aug00.png,single tear crying sad,😢,crying face
images/0066_crying_face_aug01.png,a tear emoji,😢,crying face
images/0066_crying_face_aug02.png,emoji: sad,😢,crying face
images/0066_crying_face_aug03.png,cartoon crying face,😢,crying face
images/0067_loudly_crying_face_aug00.png,a sob emoji,😭,loudly crying face
images/0067_loudly_crying_face_aug01.png,sobbing loudly tears streaming,😭,loudly crying face
images/0067_loudly_crying_face_aug02.png,a loudly crying face emoji,😭,loudly crying face
images/0067_loudly_crying_face_aug03.png,emoji: tears,😭,loudly crying face
images/0068_face_screaming_in_fear_aug00.png,an emoji: scream horror panic fear open mouth,😱,face screaming in fear
images/0068_face_screaming_in_fear_aug01.png,a colorful emoji depicting face screaming in fear,😱,face screaming in fear
images/0068_face_screaming_in_fear_aug02.png,pixel art of face screaming in fear,😱,face screaming in fear
images/0068_face_screaming_in_fear_aug03.png,icon of face screaming in fear,😱,face screaming in fear
images/0069_confounded_face_aug00.png,a confounded emoji,😖,confounded face
images/0069_confounded_face_aug01.png,emoji icon: confounded face,😖,confounded face
images/0069_confounded_face_aug02.png,an emoji of confounded face,😖,confounded face
images/0069_confounded_face_aug03.png,a small illustration of confounded face,😖,confounded face
images/0070_persevering_face_aug00.png,cartoon persevering face,😣,persevering face
images/0070_persevering_face_aug01.png,a hard time emoji,😣,persevering face
images/0070_persevering_face_aug02.png,emoji: struggle,😣,persevering face
images/0070_persevering_face_aug03.png,emoji: hard time,😣,persevering face
images/0071_disappointed_face_aug00.png,disappointed sad letdown,😞,disappointed face
images/0071_disappointed_face_aug01.png,cartoon disappointed face,😞,disappointed face
images/0071_disappointed_face_aug02.png,a small illustration of disappointed face,😞,disappointed face
images/0071_disappointed_face_aug03.png,a sad emoji,😞,disappointed face
images/0072_downcast_face_with_sweat_aug00.png,emoji: tired,😓,downcast face with sweat
images/0072_downcast_face_with_sweat_aug01.png,a sweat emoji,😓,downcast face with sweat
images/0072_downcast_face_with_sweat_aug02.png,downcast face with sweat,😓,downcast face with sweat
images/0072_downcast_face_with_sweat_aug03.png,downcast face with sweat icon,😓,downcast face with sweat
images/0073_weary_face_aug00.png,a colorful emoji depicting weary face,😩,weary face
images/0073_weary_face_aug01.png,an emoji of weary face,😩,weary face
images/0073_weary_face_aug02.png,a weary face emoji,😩,weary face
images/0073_weary_face_aug03.png,emoji: weary,😩,weary face
images/0074_tired_face_aug00.png,tired face icon,😫,tired face
images/0074_tired_face_aug01.png,a small illustration of tired face,😫,tired face
images/0074_tired_face_aug02.png,an emoji of tired face,😫,tired face
images/0074_tired_face_aug03.png,emoji: exhausted,😫,tired face
images/0075_face_with_steam_from_nose_aug00.png,emoji: determined,😤,face with steam from nose
images/0075_face_with_steam_from_nose_aug01.png,pixel art of face with steam from nose,😤,face with steam from nose
images/0075_face_with_steam_from_nose_aug02.png,a face with steam from nose emoji,😤,face with steam from nose
images/0075_face_with_steam_from_nose_aug03.png,an emoji: frustrated steam nose determined,😤,face with steam from nose
images/0076_pouting_face_aug00.png,a pouting face emoji,😡,pouting face
images/0076_pouting_face_aug01.png,a colorful emoji depicting pouting face,😡,pouting face
images/0076_pouting_face_aug02.png,pouting face,😡,pouting face
images/0076_pouting_face_aug03.png,a red emoji,😡,pouting face
images/0077_angry_face_aug00.png,emoji showing angry face,😠,angry face
images/0077_angry_face_aug01.png,emoji: mad,😠,angry face
images/0077_angry_face_aug02.png,a mad emoji,😠,angry face
images/0077_angry_face_aug03.png,a upset emoji,😠,angry face
images/0078_face_with_symbols_on_mouth_aug00.png,a small illustration of face with symbols on mouth,🤬,face with symbols on mouth
images/0078_face_with_symbols_on_mouth_aug01.png,emoji: cursing,🤬,face with symbols on mouth
images/0078_face_with_symbols_on_mouth_aug02.png,pixel art of face with symbols on mouth,🤬,face with symbols on mouth
images/0078_face_with_symbols_on_mouth_aug03.png,face with symbols on mouth,🤬,face with symbols on mouth
images/0079_smiling_face_with_horns_aug00.png,emoji icon: smiling face with horns,😈,smiling face with horns
images/0079_smiling_face_with_horns_aug01.png,a small illustration of smiling face with horns,😈,smiling face with horns
images/0079_smiling_face_with_horns_aug02.png,a evil emoji,😈,smiling face with horns
images/0079_smiling_face_with_horns_aug03.png,emoji: devil,😈,smiling face with horns
images/0080_angry_face_with_horns_aug00.png,angry face with horns,👿,angry face with horns
images/0080_angry_face_with_horns_aug01.png,a devil emoji,👿,angry face with horns
images/0080_angry_face_with_horns_aug02.png,emoji: evil,👿,angry face with horns
images/0080_angry_face_with_horns_aug03.png,emoji: devil,👿,angry face with horns
images/0081_skull_aug00.png,skull icon,💀,skull
images/0081_skull_aug01.png,icon of skull,💀,skull
images/0081_skull_aug02.png,an emoji: skull death bones dead,💀,skull
images/0081_skull_aug03.png,a small illustration of skull,💀,skull
images/0082_skull_and_crossbones_aug00.png,a skull emoji,☠️,skull and crossbones
images/0082_skull_and_crossbones_aug01.png,emoji icon: skull and crossbones,☠️,skull and crossbones
images/0082_skull_and_crossbones_aug02.png,skull and crossbones icon,☠️,skull and crossbones
images/0082_skull_and_crossbones_aug03.png,icon of skull and crossbones,☠️,skull and crossbones
images/0083_pile_of_poo_aug00.png,a small illustration of pile of poo,💩,pile of poo
images/0083_pile_of_poo_aug01.png,a funny emoji,💩,pile of poo
images/0083_pile_of_poo_aug02.png,pixel art of pile of poo,💩,pile of poo
images/0083_pile_of_poo_aug03.png,a pile of poo emoji,💩,pile of poo
images/0084_clown_face_aug00.png,icon of clown face,🤡,clown face
images/0084_clown_face_aug01.png,a red nose emoji,🤡,clown face
images/0084_clown_face_aug02.png,a clown face emoji,🤡,clown face
images/0084_clown_face_aug03.png,clown face,🤡,clown face
images/0085_ogre_aug00.png,a monster emoji,👹,ogre
images/0085_ogre_aug01.png,emoji: ogre,👹,ogre
images/0085_ogre_aug02.png,icon of ogre,👹,ogre
images/0085_ogre_aug03.png,emoji: monster,👹,ogre
images/0086_goblin_aug00.png,goblin icon,👺,goblin
images/0086_goblin_aug01.png,a red emoji,👺,goblin
images/0086_goblin_aug02.png,an emoji of goblin,👺,goblin
images/0086_goblin_aug03.png,pixel art of goblin,👺,goblin
images/0087_ghost_aug00.png,emoji: spooky,👻,ghost
images/0087_ghost_aug01.png,ghost spooky white boo,👻,ghost
images/0087_ghost_aug02.png,an emoji: ghost spooky white boo,👻,ghost
images/0087_ghost_aug03.png,cartoon ghost,👻,ghost
images/0088_alien_aug00.png,emoji: alien,👽,alien
images/0088_alien_aug01.png,a small illustration of alien,👽,alien
images/0088_alien_aug02.png,alien icon,👽,alien
images/0088_alien_aug03.png,icon of alien,👽,alien
images/0089_alien_monster_aug00.png,icon of alien monster,👾,alien monster
images/0089_alien_monster_aug01.png,a game emoji,👾,alien monster
images/0089_alien_monster_aug02.png,an emoji of alien monster,👾,alien monster
images/0089_alien_monster_aug03.png,emoji: space invader,👾,alien monster
images/0090_robot_aug00.png,a colorful emoji depicting robot,🤖,robot
images/0090_robot_aug01.png,cartoon robot,🤖,robot
images/0090_robot_aug02.png,a small illustration of robot,🤖,robot
images/0090_robot_aug03.png,emoji icon: robot,🤖,robot
images/0091_red_heart_aug00.png,a small illustration of red heart,❤️,red heart
images/0091_red_heart_aug01.png,red heart love classic,❤️,red heart
images/0091_red_heart_aug02.png,a red heart emoji,❤️,red heart
images/0091_red_heart_aug03.png,cartoon red heart,❤️,red heart
images/0092_orange_heart_aug00.png,a warm emoji,🧡,orange heart
images/0092_orange_heart_aug01.png,emoji showing orange heart,🧡,orange heart
images/0092_orange_heart_aug02.png,an emoji of orange heart,🧡,orange heart
images/0092_orange_heart_aug03.png,orange heart icon,🧡,orange heart
images/0093_yellow_heart_aug00.png,emoji: happy,💛,yellow heart
images/0093_yellow_heart_aug01.png,emoji: heart,💛,yellow heart
images/0093_yellow_heart_aug02.png,emoji: yellow,💛,yellow heart
images/0093_yellow_heart_aug03.png,a small illustration of yellow heart,💛,yellow heart
images/0094_green_heart_aug00.png,a heart emoji,💚,green heart
images/0094_green_heart_aug01.png,emoji: nature,💚,green heart
images/0094_green_heart_aug02.png,green heart icon,💚,green heart
images/0094_green_heart_aug03.png,a green emoji,💚,green heart
images/0095_blue_heart_aug00.png,a heart emoji,💙,blue heart
images/0095_blue_heart_aug01.png,blue heart calm trust,💙,blue heart
images/0095_blue_heart_aug02.png,an emoji: blue heart calm trust,💙,blue heart
images/0095_blue_heart_aug03.png,emoji icon: blue heart,💙,blue heart
images/0096_purple_heart_aug00.png,emoji: heart,💜,purple heart
images/0096_purple_heart_aug01.png,icon of purple heart,💜,purple heart
images/0096_purple_heart_aug02.png,emoji icon: purple heart,💜,purple heart
images/0096_purple_heart_aug03.png,a compassion emoji,💜,purple heart
images/0097_black_heart_aug00.png,a dark emoji,🖤,black heart
images/0097_black_heart_aug01.png,emoji showing black heart,🖤,black heart
images/0097_black_heart_aug02.png,black heart icon,🖤,black heart
images/0097_black_heart_aug03.png,emoji icon: black heart,🖤,black heart
images/0098_broken_heart_aug00.png,emoji: sad,💔,broken heart
images/0098_broken_heart_aug01.png,an emoji of broken heart,💔,broken heart
images/0098_broken_heart_aug02.png,an emoji: broken heart heartbreak sad,💔,broken heart
images/0098_broken_heart_aug03.png,emoji icon: broken heart,💔,broken heart
images/0099_two_hearts_aug00.png,emoji icon: two hearts,💕,two hearts
images/0099_two_hearts_aug01.png,a small illustration of two hearts,💕,two hearts
images/0099_two_hearts_aug02.png,an emoji of two hearts,💕,two hearts
images/0099_two_hearts_aug03.png,a two emoji,💕,two hearts
images/0100_revolving_hearts_aug00.png,a love emoji,💞,revolving hearts
images/0100_revolving_hearts_aug01.png,a colorful emoji depicting revolving hearts,💞,revolving hearts
images/0100_revolving_hearts_aug02.png,emoji: spinning,💞,revolving hearts
images/0100_revolving_hearts_aug03.png,a revolving hearts emoji,💞,revolving hearts
images/0101_beating_heart_aug00.png,emoji: beating,💓,beating heart
images/0101_beating_heart_aug01.png,a small illustration of beating heart,💓,beating heart
images/0101_beating_heart_aug02.png,emoji: heart,💓,beating heart
images/0101_beating_heart_aug03.png,an emoji of beating heart,💓,beating heart
images/0102_growing_heart_aug00.png,emoji: growing,💗,growing heart
images/0102_growing_heart_aug01.png,a colorful emoji depicting growing heart,💗,growing heart
images/0102_growing_heart_aug02.png,growing heart love pink,💗,growing heart
images/0102_growing_heart_aug03.png,emoji: heart,💗,growing heart
images/0103_heart_with_arrow_aug00.png,emoji: heart,💘,heart with arrow
images/0103_heart_with_arrow_aug01.png,emoji showing heart with arrow,💘,heart with arrow
images/0103_heart_with_arrow_aug02.png,heart arrow cupid love struck,💘,heart with arrow
images/0103_heart_with_arrow_aug03.png,emoji: cupid,💘,heart with arrow
images/0104_heart_with_ribbon_aug00.png,a heart with ribbon emoji,💝,heart with ribbon
images/0104_heart_with_ribbon_aug01.png,emoji: ribbon,💝,heart with ribbon
images/0104_heart_with_ribbon_aug02.png,an emoji: heart gift ribbon bow,💝,heart with ribbon
images/0104_heart_with_ribbon_aug03.png,pixel art of heart with ribbon,💝,heart with ribbon
images/0105_sparkling_heart_aug00.png,sparkling heart,💖,sparkling heart
images/0105_sparkling_heart_aug01.png,a small illustration of sparkling heart,💖,sparkling heart
images/0105_sparkling_heart_aug02.png,emoji: sparkling,💖,sparkling heart
images/0105_sparkling_heart_aug03.png,a heart emoji,💖,sparkling heart
images/0106_heart_decoration_aug00.png,emoji: heart,💟,heart decoration
images/0106_heart_decoration_aug01.png,a purple emoji,💟,heart decoration
images/0106_heart_decoration_aug02.png,an emoji of heart decoration,💟,heart decoration
images/0106_heart_decoration_aug03.png,pixel art of heart decoration,💟,heart decoration
images/0107_thumbs_up_aug00.png,an emoji of thumbs up,👍,thumbs up
images/0107_thumbs_up_aug01.png,an emoji: thumbs up approval like yes,👍,thumbs up
images/0107_thumbs_up_aug02.png,a like emoji,👍,thumbs up
images/0107_thumbs_up_aug03.png,a yes emoji,👍,thumbs up
images/0108_thumbs_down_aug00.png,a no emoji,👎,thumbs down
images/0108_thumbs_down_aug01.png,thumbs down icon,👎,thumbs down
images/0108_thumbs_down_aug02.png,emoji: no,👎,thumbs down
images/0108_thumbs_down_aug03.png,a colorful emoji depicting thumbs down,👎,thumbs down
images/0109_ok_hand_aug00.png,emoji showing ok hand,👌,ok hand
images/0109_ok_hand_aug01.png,a perfect emoji,👌,ok hand
images/0109_ok_hand_aug02.png,icon of ok hand,👌,ok hand
images/0109_ok_hand_aug03.png,a colorful emoji depicting ok hand,👌,ok hand
images/0110_victory_hand_aug00.png,an emoji of victory hand,✌️,victory hand
images/0110_victory_hand_aug01.png,victory hand icon,✌️,victory hand
images/0110_victory_hand_aug02.png,a colorful emoji depicting victory hand,✌️,victory hand
images/0110_victory_hand_aug03.png,emoji: peace,✌️,victory hand
images/0111_crossed_fingers_aug00.png,a hope emoji,🤞,crossed fingers
images/0111_crossed_fingers_aug01.png,a luck emoji,🤞,crossed fingers
images/0111_crossed_fingers_aug02.png,crossed fingers,🤞,crossed fingers
images/0111_crossed_fingers_aug03.png,a fingers crossed emoji,🤞,crossed fingers
images/0112_love-you_gesture_aug00.png,emoji: hand sign,🤟,love-you gesture
images/0112_love-you_gesture_aug01.png,a colorful emoji depicting love-you gesture,🤟,love-you gesture
images/0112_love-you_gesture_aug02.png,a love-you gesture emoji,🤟,love-you gesture
images/0112_love-you_gesture_aug03.png,a ily emoji,🤟,love-you gesture
images/0113_sign_of_the_horns_aug00.png,a horns emoji,🤘,sign of the horns
images/0113_sign_of_the_horns_aug01.png,emoji showing sign of the horns,🤘,sign of the horns
images/0113_sign_of_the_horns_aug02.png,a rock emoji,🤘,sign of the horns
images/0113_sign_of_the_horns_aug03.png,emoji: rock,🤘,sign of the horns
images/0114_call_me_hand_aug00.png,pixel art of call me hand,🤙,call me hand
images/0114_call_me_hand_aug01.png,a call me emoji,🤙,call me hand
images/0114_call_me_hand_aug02.png,emoji: call me,🤙,call me hand
images/0114_call_me_hand_aug03.png,emoji: phone,🤙,call me hand
images/0115_backhand_index_pointing_left_aug00.png,a direction emoji,👈,backhand index pointing left
images/0115_backhand_index_pointing_left_aug01.png,a small illustration of backhand index pointing left,👈,backhand index pointing left
images/0115_backhand_index_pointing_left_aug02.png,icon of backhand index pointing left,👈,backhand index pointing left
images/0115_backhand_index_pointing_left_aug03.png,emoji showing backhand index pointing left,👈,backhand index pointing left
images/0116_backhand_index_pointing_right_aug00.png,a backhand index pointing right emoji,👉,backhand index pointing right
images/0116_backhand_index_pointing_right_aug01.png,backhand index pointing right,👉,backhand index pointing right
images/0116_backhand_index_pointing_right_aug02.png,cartoon backhand index pointing right,👉,backhand index pointing right
images/0116_backhand_index_pointing_right_aug03.png,an emoji: pointing right finger direction,👉,backhand index pointing right
images/0117_backhand_index_pointing_up_aug00.png,backhand index pointing up,👆,backhand index pointing up
images/0117_backhand_index_pointing_up_aug01.png,a backhand index pointing up emoji,👆,backhand index pointing up
images/0117_backhand_index_pointing_up_aug02.png,emoji icon: backhand index pointing up,👆,backhand index pointing up
images/0117_backhand_index_pointing_up_aug03.png,pixel art of backhand index pointing up,👆,backhand index pointing up
images/0118_backhand_index_pointing_down_aug00.png,backhand index pointing down icon,👇,backhand index pointing down
images/0118_backhand_index_pointing_down_aug01.png,emoji: below,👇,backhand index pointing down
images/0118_backhand_index_pointing_down_aug02.png,a down emoji,👇,backhand index pointing down
images/0118_backhand_index_pointing_down_aug03.png,pointing down finger below,👇,backhand index pointing down
images/0119_index_pointing_up_aug00.png,a small illustration of index pointing up,☝️,index pointing up
images/0119_index_pointing_up_aug01.png,emoji showing index pointing up,☝️,index pointing up
images/0119_index_pointing_up_aug02.png,an emoji of index pointing up,☝️,index pointing up
images/0119_index_pointing_up_aug03.png,a index pointing up emoji,☝️,index pointing up
images/0120_raised_hand_aug00.png,raised hand icon,✋,raised hand
images/0120_raised_hand_aug01.png,pixel art of raised hand,✋,raised hand
images/0120_raised_hand_aug02.png,raised hand,✋,raised hand
images/0120_raised_hand_aug03.png,an emoji: stop raised hand high five,✋,raised hand
images/0121_raised_back_of_hand_aug00.png,an emoji of raised back of hand,🤚,raised back of hand
images/0121_raised_back_of_hand_aug01.png,emoji: back of hand,🤚,raised back of hand
images/0121_raised_back_of_hand_aug02.png,raised back hand stop,🤚,raised back of hand
images/0121_raised_back_of_hand_aug03.png,a raised emoji,🤚,raised back of hand
images/0122_hand_with_fingers_splayed_aug00.png,an emoji of hand with fingers splayed,🖐️,hand with fingers splayed
images/0122_hand_with_fingers_splayed_aug01.png,emoji icon: hand with fingers splayed,🖐️,hand with fingers splayed
images/0122_hand_with_fingers_splayed_aug02.png,cartoon hand with fingers splayed,🖐️,hand with fingers splayed
images/0122_hand_with_fingers_splayed_aug03.png,a hand with fingers splayed emoji,🖐️,hand with fingers splayed
images/0123_vulcan_salute_aug00.png,a salute emoji,🖖,vulcan salute
images/0123_vulcan_salute_aug01.png,cartoon vulcan salute,🖖,vulcan salute
images/0123_vulcan_salute_aug02.png,icon of vulcan salute,🖖,vulcan salute
images/0123_vulcan_salute_aug03.png,a spock emoji,🖖,vulcan salute
images/0124_waving_hand_aug00.png,emoji: hello,👋,waving hand
images/0124_waving_hand_aug01.png,an emoji: wave hello goodbye hand,👋,waving hand
images/0124_waving_hand_aug02.png,emoji icon: waving hand,👋,waving hand
images/0124_waving_hand_aug03.png,an emoji of waving hand,👋,waving hand
images/0125_handshake_aug00.png,handshake deal agreement,🤝,handshake
images/0125_handshake_aug01.png,icon of handshake,🤝,handshake
images/0125_handshake_aug02.png,emoji showing handshake,🤝,handshake
images/0125_handshake_aug03.png,cartoon handshake,🤝,handshake
images/0126_folded_hands_aug00.png,an emoji of folded hands,🙏,folded hands
images/0126_folded_hands_aug01.png,a small illustration of folded hands,🙏,folded hands
images/0126_folded_hands_aug02.png,emoji: please,🙏,folded hands
images/0126_folded_hands_aug03.png,a folded hands emoji,🙏,folded hands
images/0127_writing_hand_aug00.png,pixel art of writing hand,✍️,writing hand
images/0127_writing_hand_aug01.png,a small illustration of writing hand,✍️,writing hand
images/0127_writing_hand_aug02.png,a signature emoji,✍️,writing hand
images/0127_writing_hand_aug03.png,a writing hand emoji,✍️,writing hand
images/0128_flexed_biceps_aug00.png,pixel art of flexed biceps,💪,flexed biceps
images/0128_flexed_biceps_aug01.png,flexed biceps icon,💪,flexed biceps
images/0128_flexed_biceps_aug02.png,a flex emoji,💪,flexed biceps
images/0128_flexed_biceps_aug03.png,emoji: muscle,💪,flexed biceps
images/0129_clapping_hands_aug00.png,a applause emoji,👏,clapping hands
images/0129_clapping_hands_aug01.png,an emoji: clap applause bravo,👏,clapping hands
images/0129_clapping_hands_aug02.png,emoji icon: clapping hands,👏,clapping hands
images/0129_clapping_hands_aug03.png,a clapping hands emoji,👏,clapping hands
images/0130_raising_hands_aug00.png,cartoon raising hands,🙌,raising hands
images/0130_raising_hands_aug01.png,raising hands icon,🙌,raising hands
images/0130_raising_hands_aug02.png,a raising hands emoji,🙌,raising hands
images/0130_raising_hands_aug03.png,emoji icon: raising hands,🙌,raising hands
images/0131_baby_aug00.png,pixel art of baby,👶,baby
images/0131_baby_aug01.png,emoji: cute,👶,baby
images/0131_baby_aug02.png,a cute emoji,👶,baby
images/0131_baby_aug03.png,emoji icon: baby,👶,baby
images/0132_child_aug00.png,a colorful emoji depicting child,🧒,child
images/0132_child_aug01.png,a kid emoji,🧒,child
images/0132_child_aug02.png,an emoji of child,🧒,child
images/0132_child_aug03.png,a young emoji,🧒,child
images/0133_boy_aug00.png,emoji: boy,👦,boy
images/0133_boy_aug01.png,a small illustration of boy,👦,boy
images/0133_boy_aug02.png,icon of boy,👦,boy
images/0133_boy_aug03.png,emoji: male,👦,boy
images/0134_girl_aug00.png,a child emoji,👧,girl
images/0134_girl_aug01.png,a colorful emoji depicting girl,👧,girl
images/0134_girl_aug02.png,emoji showing girl,👧,girl
images/0134_girl_aug03.png,a girl emoji,👧,girl
images/0135_person_aug00.png,an emoji of person,🧑,person
images/0135_person_aug01.png,person icon,🧑,person
images/0135_person_aug02.png,emoji: adult,🧑,person
images/0135_person_aug03.png,icon of person,🧑,person
images/0136_person_blonde_hair_aug00.png,an emoji: blonde hair person adult,👱,person blonde hair
images/0136_person_blonde_hair_aug01.png,emoji icon: person blonde hair,👱,person blonde hair
images/0136_person_blonde_hair_aug02.png,blonde hair person adult,👱,person blonde hair
images/0136_person_blonde_hair_aug03.png,emoji: person,👱,person blonde hair
images/0137_man_aug00.png,cartoon man,👨,man
images/0137_man_aug01.png,a man emoji,👨,man
images/0137_man_aug02.png,a male emoji,👨,man
images/0137_man_aug03.png,emoji: male,👨,man
images/0138_person_beard_aug00.png,a small illustration of person beard,🧔,person beard
images/0138_person_beard_aug01.png,emoji icon: person beard,🧔,person beard
images/0138_person_beard_aug02.png,pixel art of person beard,🧔,person beard
images/0138_person_beard_aug03.png,person beard,🧔,person beard
images/0139_woman_aug00.png,a adult emoji,👩,woman
images/0139_woman_aug01.png,emoji showing woman,👩,woman
images/0139_woman_aug02.png,a woman emoji,👩,woman
images/0139_woman_aug03.png,emoji: female,👩,woman
images/0140_older_person_aug00.png,a older person emoji,🧓,older person
images/0140_older_person_aug01.png,icon of older person,🧓,older person
images/0140_older_person_aug02.png,a small illustration of older person,🧓,older person
images/0140_older_person_aug03.png,emoji showing older person,🧓,older person
images/0141_old_man_aug00.png,emoji: old man,👴,old man
images/0141_old_man_aug01.png,old man icon,👴,old man
images/0141_old_man_aug02.png,icon of old man,👴,old man
images/0141_old_man_aug03.png,a colorful emoji depicting old man,👴,old man
images/0142_old_woman_aug00.png,emoji: elderly,👵,old woman
images/0142_old_woman_aug01.png,old woman,👵,old woman
images/0142_old_woman_aug02.png,a colorful emoji depicting old woman,👵,old woman
images/0142_old_woman_aug03.png,emoji showing old woman,👵,old woman
images/0143_dog_face_aug00.png,emoji: dog,🐶,dog face
images/0143_dog_face_aug01.png,emoji icon: dog face,🐶,dog face
images/0143_dog_face_aug02.png,emoji showing dog face,🐶,dog face
images/0143_dog_face_aug03.png,an emoji of dog face,🐶,dog face
images/0144_cat_face_aug00.png,icon of cat face,🐱,cat face
images/0144_cat_face_aug01.png,a cat emoji,🐱,cat face
images/0144_cat_face_aug02.png,cat face icon,🐱,cat face
images/0144_cat_face_aug03.png,emoji showing cat face,🐱,cat face
images/0145_mouse_face_aug00.png,emoji: mouse,🐭,mouse face
images/0145_mouse_face_aug01.png,emoji icon: mouse face,🐭,mouse face
images/0145_mouse_face_aug02.png,an emoji: mouse small rodent face,🐭,mouse face
images/0145_mouse_face_aug03.png,mouse face icon,🐭,mouse face
images/0146_hamster_aug00.png,an emoji of hamster,🐹,hamster
images/0146_hamster_aug01.png,a colorful emoji depicting hamster,🐹,hamster
images/0146_hamster_aug02.png,cartoon hamster,🐹,hamster
images/0146_hamster_aug03.png,hamster,🐹,hamster
images/0147_rabbit_face_aug00.png,a colorful emoji depicting rabbit face,🐰,rabbit face
images/0147_rabbit_face_aug01.png,emoji showing rabbit face,🐰,rabbit face
images/0147_rabbit_face_aug02.png,a bunny emoji,🐰,rabbit face
images/0147_rabbit_face_aug03.png,a small illustration of rabbit face,🐰,rabbit face
images/0148_fox_aug00.png,fox orange cunning wild,🦊,fox
images/0148_fox_aug01.png,emoji: orange,🦊,fox
images/0148_fox_aug02.png,fox icon,🦊,fox
images/0148_fox_aug03.png,pixel art of fox,🦊,fox
images/0149_bear_aug00.png,a furry emoji,🐻,bear
images/0149_bear_aug01.png,a small illustration of bear,🐻,bear
images/0149_bear_aug02.png,emoji: furry,🐻,bear
images/0149_bear_aug03.png,a brown emoji,🐻,bear
images/0150_panda_aug00.png,pixel art of panda,🐼,panda
images/0150_panda_aug01.png,a black white emoji,🐼,panda
images/0150_panda_aug02.png,a colorful emoji depicting panda,🐼,panda
images/0150_panda_aug03.png,icon of panda,🐼,panda
images/0151_koala_aug00.png,a grey emoji,🐨,koala
images/0151_koala_aug01.png,emoji: koala,🐨,koala
images/0151_koala_aug02.png,emoji icon: koala,🐨,koala
images/0151_koala_aug03.png,an emoji: koala grey sleepy eucalyptus,🐨,koala
images/0152_tiger_face_aug00.png,a small illustration of tiger face,🐯,tiger face
images/0152_tiger_face_aug01.png,an emoji: tiger striped orange wild,🐯,tiger face
images/0152_tiger_face_aug02.png,icon of tiger face,🐯,tiger face
images/0152_tiger_face_aug03.png,pixel art of tiger face,🐯,tiger face
images/0153_lion_aug00.png,cartoon lion,🦁,lion
images/0153_lion_aug01.png,an emoji of lion,🦁,lion
images/0153_lion_aug02.png,a king emoji,🦁,lion
images/0153_lion_aug03.png,a small illustration of lion,🦁,lion
images/0154_cow_face_aug00.png,a spots emoji,🐮,cow face
images/0154_cow_face_aug01.png,cow spots black white farm,🐮,cow face
images/0154_cow_face_aug02.png,emoji showing cow face,🐮,cow face
images/0154_cow_face_aug03.png,a cow face emoji,🐮,cow face
images/0155_pig_face_aug00.png,emoji: pink,🐷,pig face
images/0155_pig_face_aug01.png,a colorful emoji depicting pig face,🐷,pig face
images/0155_pig_face_aug02.png,a farm emoji,🐷,pig face
images/0155_pig_face_aug03.png,a pig emoji,🐷,pig face
images/0156_frog_aug00.png,an emoji: frog green jumping pond,🐸,frog
images/0156_frog_aug01.png,a small illustration of frog,🐸,frog
images/0156_frog_aug02.png,an emoji of frog,🐸,frog
images/0156_frog_aug03.png,a pond emoji,🐸,frog
images/0157_monkey_face_aug00.png,emoji: playful,🐵,monkey face
images/0157_monkey_face_aug01.png,a monkey emoji,🐵,monkey face
images/0157_monkey_face_aug02.png,cartoon monkey face,🐵,monkey face
images/0157_monkey_face_aug03.png,pixel art of monkey face,🐵,monkey face
images/0158_see-no-evil_monkey_aug00.png,emoji: see no evil,🙈,see-no-evil monkey
images/0158_see-no-evil_monkey_aug01.png,a colorful emoji depicting see-no-evil monkey,🙈,see-no-evil monkey
images/0158_see-no-evil_monkey_aug02.png,icon of see-no-evil monkey,🙈,see-no-evil monkey
images/0158_see-no-evil_monkey_aug03.png,a see no evil emoji,🙈,see-no-evil monkey
images/0159_hear-no-evil_monkey_aug00.png,cartoon hear-no-evil monkey,🙉,hear-no-evil monkey
images/0159_hear-no-evil_monkey_aug01.png,an emoji of hear-no-evil monkey,🙉,hear-no-evil monkey
images/0159_hear-no-evil_monkey_aug02.png,a hear no evil emoji,🙉,hear-no-evil monkey
images/0159_hear-no-evil_monkey_aug03.png,emoji: monkey,🙉,hear-no-evil monkey
images/0160_speak-no-evil_monkey_aug00.png,emoji: speak no evil,🙊,speak-no-evil monkey
images/0160_speak-no-evil_monkey_aug01.png,emoji: monkey,🙊,speak-no-evil monkey
images/0160_speak-no-evil_monkey_aug02.png,a speak-no-evil monkey emoji,🙊,speak-no-evil monkey
images/0160_speak-no-evil_monkey_aug03.png,speak-no-evil monkey icon,🙊,speak-no-evil monkey
images/0161_chicken_aug00.png,a farm emoji,🐔,chicken
images/0161_chicken_aug01.png,cartoon chicken,🐔,chicken
images/0161_chicken_aug02.png,icon of chicken,🐔,chicken
images/0161_chicken_aug03.png,an emoji of chicken,🐔,chicken
images/0162_penguin_aug00.png,a cold emoji,🐧,penguin
images/0162_penguin_aug01.png,cartoon penguin,🐧,penguin
images/0162_penguin_aug02.png,pixel art of penguin,🐧,penguin
images/0162_penguin_aug03.png,penguin icon,🐧,penguin
images/0163_bird_aug00.png,a bird emoji,🐦,bird
images/0163_bird_aug01.png,emoji icon: bird,🐦,bird
images/0163_bird_aug02.png,icon of bird,🐦,bird
images/0163_bird_aug03.png,bird,🐦,bird
images/0164_baby_chick_aug00.png,baby chick yellow hatching cute,🐤,baby chick
images/0164_baby_chick_aug01.png,cartoon baby chick,🐤,baby chick
images/0164_baby_chick_aug02.png,emoji icon: baby chick,🐤,baby chick
images/0164_baby_chick_aug03.png,a chick emoji,🐤,baby chick
images/0165_duck_aug00.png,a pond emoji,🦆,duck
images/0165_duck_aug01.png,emoji: pond,🦆,duck
images/0165_duck_aug02.png,icon of duck,🦆,duck
images/0165_duck_aug03.png,duck,🦆,duck
images/0166_eagle_aug00.png,emoji: prey,🦅,eagle
images/0166_eagle_aug01.png,a small illustration of eagle,🦅,eagle
images/0166_eagle_aug02.png,emoji: majestic,🦅,eagle
images/0166_eagle_aug03.png,cartoon eagle,🦅,eagle
images/0167_owl_aug00.png,pixel art of owl,🦉,owl
images/0167_owl_aug01.png,a owl emoji,🦉,owl
images/0167_owl_aug02.png,owl icon,🦉,owl
images/0167_owl_aug03.png,a small illustration of owl,🦉,owl
images/0168_bat_aug00.png,cartoon bat,🦇,bat
images/0168_bat_aug01.png,a flying emoji,🦇,bat
images/0168_bat_aug02.png,emoji icon: bat,🦇,bat
images/0168_bat_aug03.png,a night emoji,🦇,bat
images/0169_wolf_aug00.png,a wild emoji,🐺,wolf
images/0169_wolf_aug01.png,emoji: wild,🐺,wolf
images/0169_wolf_aug02.png,emoji: wolf,🐺,wolf
images/0169_wolf_aug03.png,a small illustration of wolf,🐺,wolf
images/0170_boar_aug00.png,emoji: tusks,🐗,boar
images/0170_boar_aug01.png,a colorful emoji depicting boar,🐗,boar
images/0170_boar_aug02.png,emoji icon: boar,🐗,boar
images/0170_boar_aug03.png,boar wild pig tusks,🐗,boar
images/0171_horse_face_aug00.png,emoji showing horse face,🐴,horse face
images/0171_horse_face_aug01.png,cartoon horse face,🐴,horse face
images/0171_horse_face_aug02.png,a brown emoji,🐴,horse face
images/0171_horse_face_aug03.png,an emoji: horse brown mane face,🐴,horse face
images/0172_unicorn_aug00.png,unicorn magical horn rainbow,🦄,unicorn
images/0172_unicorn_aug01.png,a magic emoji,🦄,unicorn
images/0172_unicorn_aug02.png,icon of unicorn,🦄,unicorn
images/0172_unicorn_aug03.png,emoji: unicorn,🦄,unicorn
images/0173_honeybee_aug00.png,an emoji: bee yellow black stripes honey,🐝,honeybee
images/0173_honeybee_aug01.png,a honey emoji,🐝,honeybee
images/0173_honeybee_aug02.png,pixel art of honeybee,🐝,honeybee
images/0173_honeybee_aug03.png,an emoji of honeybee,🐝,honeybee
images/0174_bug_aug00.png,bug,🐛,bug
images/0174_bug_aug01.png,caterpillar bug green crawl,🐛,bug
images/0174_bug_aug02.png,emoji: crawl,🐛,bug
images/0174_bug_aug03.png,icon of bug,🐛,bug
images/0175_butterfly_aug00.png,icon of butterfly,🦋,butterfly
images/0175_butterfly_aug01.png,emoji: colorful,🦋,butterfly
images/0175_butterfly_aug02.png,butterfly,🦋,butterfly
images/0175_butterfly_aug03.png,a butterfly emoji,🦋,butterfly
images/0176_snail_aug00.png,emoji: shell,🐌,snail
images/0176_snail_aug01.png,emoji: snail,🐌,snail
images/0176_snail_aug02.png,pixel art of snail,🐌,snail
images/0176_snail_aug03.png,snail slow shell crawl,🐌,snail
images/0177_lady_beetle_aug00.png,a small illustration of lady beetle,🐞,lady beetle
images/0177_lady_beetle_aug01.png,a lady beetle emoji,🐞,lady beetle
images/0177_lady_beetle_aug02.png,cartoon lady beetle,🐞,lady beetle
images/0177_lady_beetle_aug03.png,ladybug red black spots beetle,🐞,lady beetle
images/0178_ant_aug00.png,a tiny emoji,🐜,ant
images/0178_ant_aug01.png,a insect emoji,🐜,ant
images/0178_ant_aug02.png,an emoji: ant tiny insect black,🐜,ant
images/0178_ant_aug03.png,ant icon,🐜,ant
images/0179_mosquito_aug00.png,a colorful emoji depicting mosquito,🦟,mosquito
images/0179_mosquito_aug01.png,emoji icon: mosquito,🦟,mosquito
images/0179_mosquito_aug02.png,a bite emoji,🦟,mosquito
images/0179_mosquito_aug03.png,cartoon mosquito,🦟,mosquito
images/0180_turtle_aug00.png,cartoon turtle,🐢,turtle
images/0180_turtle_aug01.png,emoji icon: turtle,🐢,turtle
images/0180_turtle_aug02.png,emoji: shell,🐢,turtle
images/0180_turtle_aug03.png,an emoji: turtle shell slow green,🐢,turtle
images/0181_snake_aug00.png,a snake emoji,🐍,snake
images/0181_snake_aug01.png,snake coil reptile danger,🐍,snake
images/0181_snake_aug02.png,snake icon,🐍,snake
images/0181_snake_aug03.png,a colorful emoji depicting snake,🐍,snake
images/0182_lizard_aug00.png,pixel art of lizard,🦎,lizard
images/0182_lizard_aug01.png,a reptile emoji,🦎,lizard
images/0182_lizard_aug02.png,cartoon lizard,🦎,lizard
images/0182_lizard_aug03.png,emoji: reptile,🦎,lizard
images/0183_octopus_aug00.png,an emoji of octopus,🐙,octopus
images/0183_octopus_aug01.png,a sea emoji,🐙,octopus
images/0183_octopus_aug02.png,emoji: sea,🐙,octopus
images/0183_octopus_aug03.png,cartoon octopus,🐙,octopus
images/0184_squid_aug00.png,an emoji of squid,🦑,squid
images/0184_squid_aug01.png,a small illustration of squid,🦑,squid
images/0184_squid_aug02.png,squid tentacles sea creature,🦑,squid
images/0184_squid_aug03.png,squid,🦑,squid
images/0185_shrimp_aug00.png,pixel art of shrimp,🦐,shrimp
images/0185_shrimp_aug01.png,icon of shrimp,🦐,shrimp
images/0185_shrimp_aug02.png,emoji: seafood,🦐,shrimp
images/0185_shrimp_aug03.png,a small illustration of shrimp,🦐,shrimp
images/0186_crab_aug00.png,a red emoji,🦀,crab
images/0186_crab_aug01.png,a crab emoji,🦀,crab
images/0186_crab_aug02.png,emoji: crab,🦀,crab
images/0186_crab_aug03.png,cartoon crab,🦀,crab
images/0187_blowfish_aug00.png,emoji showing blowfish,🐡,blowfish
images/0187_blowfish_aug01.png,blowfish spiky puffer fish sea,🐡,blowfish
images/0187_blowfish_aug02.png,emoji: puffer,🐡,blowfish
images/0187_blowfish_aug03.png,a colorful emoji depicting blowfish,🐡,blowfish
images/0188_tropical_fish_aug00.png,an emoji: tropical fish colorful stripe sea,🐠,tropical fish
images/0188_tropical_fish_aug01.png,a small illustration of tropical fish,🐠,tropical fish
images/0188_tropical_fish_aug02.png,a sea emoji,🐠,tropical fish
images/0188_tropical_fish_aug03.png,emoji: tropical fish,🐠,tropical fish
images/0189_fish_aug00.png,fish blue sea swim,🐟,fish
images/0189_fish_aug01.png,fish,🐟,fish
images/0189_fish_aug02.png,emoji: sea,🐟,fish
images/0189_fish_aug03.png,a sea emoji,🐟,fish
images/0190_dolphin_aug00.png,an emoji of dolphin,🐬,dolphin
images/0190_dolphin_aug01.png,a small illustration of dolphin,🐬,dolphin
images/0190_dolphin_aug02.png,cartoon dolphin,🐬,dolphin
images/0190_dolphin_aug03.png,dolphin blue smart marine jump,🐬,dolphin
images/0191_spouting_whale_aug00.png,emoji: spout,🐳,spouting whale
images/0191_spouting_whale_aug01.png,a colorful emoji depicting spouting whale,🐳,spouting whale
images/0191_spouting_whale_aug02.png,icon of spouting whale,🐳,spouting whale
images/0191_spouting_whale_aug03.png,emoji showing spouting whale,🐳,spouting whale
images/0192_crocodile_aug00.png,a green emoji,🐊,crocodile
images/0192_crocodile_aug01.png,a colorful emoji depicting crocodile,🐊,crocodile
images/0192_crocodile_aug02.png,an emoji of crocodile,🐊,crocodile
images/0192_crocodile_aug03.png,a crocodile emoji,🐊,crocodile
images/0193_gorilla_aug00.png,emoji icon: gorilla,🦍,gorilla
images/0193_gorilla_aug01.png,gorilla icon,🦍,gorilla
images/0193_gorilla_aug02.png,a ape emoji,🦍,gorilla
images/0193_gorilla_aug03.png,emoji: gorilla,🦍,gorilla
images/0194_elephant_aug00.png,elephant grey large trunk,🐘,elephant
images/0194_elephant_aug01.png,a elephant emoji,🐘,elephant
images/0194_elephant_aug02.png,a colorful emoji depicting elephant,🐘,elephant
images/0194_elephant_aug03.png,a grey emoji,🐘,elephant
images/0195_rhinoceros_aug00.png,emoji icon: rhinoceros,🦏,rhinoceros
images/0195_rhinoceros_aug01.png,a horn emoji,🦏,rhinoceros
images/0195_rhinoceros_aug02.png,a small illustration of rhinoceros,🦏,rhinoceros
images/0195_rhinoceros_aug03.png,emoji: horn,🦏,rhinoceros
images/0196_camel_aug00.png,pixel art of camel,🐪,camel
images/0196_camel_aug01.png,camel,🐪,camel
images/0196_camel_aug02.png,emoji: hump,🐪,camel
images/0196_camel_aug03.png,camel one hump desert,🐪,camel
images/0197_giraffe_aug00.png,a neck emoji,🦒,giraffe
images/0197_giraffe_aug01.png,an emoji: giraffe long neck spotted tall,🦒,giraffe
images/0197_giraffe_aug02.png,giraffe long neck spotted tall,🦒,giraffe
images/0197_giraffe_aug03.png,an emoji of giraffe,🦒,giraffe
images/0198_kangaroo_aug00.png,emoji: jump,🦘,kangaroo
images/0198_kangaroo_aug01.png,kangaroo icon,🦘,kangaroo
images/0198_kangaroo_aug02.png,emoji: pouch,🦘,kangaroo
images/0198_kangaroo_aug03.png,kangaroo pouch jump australia,🦘,kangaroo
images/0199_water_buffalo_aug00.png,a colorful emoji depicting water buffalo,🐃,water buffalo
images/0199_water_buffalo_aug01.png,icon of water buffalo,🐃,water buffalo
images/0199_water_buffalo_aug02.png,a farm emoji,🐃,water buffalo
images/0199_water_buffalo_aug03.png,emoji: horns,🐃,water buffalo
images/0200_horse_aug00.png,emoji: run,🐎,horse
images/0200_horse_aug01.png,cartoon horse,🐎,horse
images/0200_horse_aug02.png,a run emoji,🐎,horse
images/0200_horse_aug03.png,a horse emoji,🐎,horse
images/0201_pig_aug00.png,emoji icon: pig,🐖,pig
images/0201_pig_aug01.png,icon of pig,🐖,pig
images/0201_pig_aug02.png,emoji: pig,🐖,pig
images/0201_pig_aug03.png,a farm emoji,🐖,pig
images/0202_ram_aug00.png,ram,🐏,ram
images/0202_ram_aug01.png,a sheep emoji,🐏,ram
images/0202_ram_aug02.png,a small illustration of ram,🐏,ram
images/0202_ram_aug03.png,an emoji: ram horns sheep wool,🐏,ram
images/0203_ewe_aug00.png,emoji showing ewe,🐑,ewe
images/0203_ewe_aug01.png,sheep wool white fluffy,🐑,ewe
images/0203_ewe_aug02.png,an emoji of ewe,🐑,ewe
images/0203_ewe_aug03.png,a small illustration of ewe,🐑,ewe
images/0204_llama_aug00.png,emoji: fluffy,🦙,llama
images/0204_llama_aug01.png,pixel art of llama,🦙,llama
images/0204_llama_aug02.png,icon of llama,🦙,llama
images/0204_llama_aug03.png,an emoji: llama fluffy peru andean,🦙,llama
images/0205_goat_aug00.png,an emoji of goat,🐐,goat
images/0205_goat_aug01.png,emoji: goat,🐐,goat
images/0205_goat_aug02.png,emoji icon: goat,🐐,goat
images/0205_goat_aug03.png,a horns emoji,🐐,goat
images/0206_deer_aug00.png,emoji showing deer,🦌,deer
images/0206_deer_aug01.png,emoji: antlers,🦌,deer
images/0206_deer_aug02.png,a small illustration of deer,🦌,deer
images/0206_deer_aug03.png,pixel art of deer,🦌,deer
images/0207_dog_aug00.png,dog full body pet loyal,🐕,dog
images/0207_dog_aug01.png,emoji: dog,🐕,dog
images/0207_dog_aug02.png,an emoji: dog full body pet loyal,🐕,dog
images/0207_dog_aug03.png,dog,🐕,dog
images/0208_poodle_aug00.png,emoji: curly,🐩,poodle
images/0208_poodle_aug01.png,poodle icon,🐩,poodle
images/0208_poodle_aug02.png,a french emoji,🐩,poodle
images/0208_poodle_aug03.png,poodle curly french dog,🐩,poodle
images/0209_cat_aug00.png,a colorful emoji depicting cat,🐈,cat
images/0209_cat_aug01.png,emoji: pet,🐈,cat
images/0209_cat_aug02.png,emoji: cat,🐈,cat
images/0209_cat_aug03.png,a cute emoji,🐈,cat
images/0210_rooster_aug00.png,a morning emoji,🐓,rooster
images/0210_rooster_aug01.png,an emoji: rooster red comb morning crow,🐓,rooster
images/0210_rooster_aug02.png,cartoon rooster,🐓,rooster
images/0210_rooster_aug03.png,emoji showing rooster,🐓,rooster
images/0211_turkey_aug00.png,turkey thanksgiving bird brown,🦃,turkey
images/0211_turkey_aug01.png,emoji: turkey,🦃,turkey
images/0211_turkey_aug02.png,emoji: bird,🦃,turkey
images/0211_turkey_aug03.png,turkey,🦃,turkey
images/0212_red_apple_aug00.png,red apple icon,🍎,red apple
images/0212_red_apple_aug01.png,an emoji of red apple,🍎,red apple
images/0212_red_apple_aug02.png,emoji showing red apple,🍎,red apple
images/0212_red_apple_aug03.png,red apple,🍎,red apple
images/0213_tangerine_aug00.png,emoji: citrus,🍊,tangerine
images/0213_tangerine_aug01.png,icon of tangerine,🍊,tangerine
images/0213_tangerine_aug02.png,a citrus emoji,🍊,tangerine
images/0213_tangerine_aug03.png,a fruit emoji,🍊,tangerine
images/0214_lemon_aug00.png,emoji showing lemon,🍋,lemon
images/0214_lemon_aug01.png,lemon,🍋,lemon
images/0214_lemon_aug02.png,emoji icon: lemon,🍋,lemon
images/0214_lemon_aug03.png,cartoon lemon,🍋,lemon
images/0215_grapes_aug00.png,a small illustration of grapes,🍇,grapes
images/0215_grapes_aug01.png,icon of grapes,🍇,grapes
images/0215_grapes_aug02.png,a colorful emoji depicting grapes,🍇,grapes
images/0215_grapes_aug03.png,an emoji of grapes,🍇,grapes
images/0216_strawberry_aug00.png,strawberry,🍓,strawberry
images/0216_strawberry_aug01.png,a colorful emoji depicting strawberry,🍓,strawberry
images/0216_strawberry_aug02.png,a strawberry emoji,🍓,strawberry
images/0216_strawberry_aug03.png,strawberry icon,🍓,strawberry
images/0217_blueberries_aug00.png,blueberries blue small fruit,🫐,blueberries
images/0217_blueberries_aug01.png,pixel art of blueberries,🫐,blueberries
images/0217_blueberries_aug02.png,emoji showing blueberries,🫐,blueberries
images/0217_blueberries_aug03.png,a blue emoji,🫐,blueberries
images/0218_melon_aug00.png,a sweet emoji,🍈,melon
images/0218_melon_aug01.png,pixel art of melon,🍈,melon
images/0218_melon_aug02.png,emoji: sweet,🍈,melon
images/0218_melon_aug03.png,melon honeydew green fruit,🍈,melon
images/0219_watermelon_aug00.png,emoji: watermelon,🍉,watermelon
images/0219_watermelon_aug01.png,an emoji of watermelon,🍉,watermelon
images/0219_watermelon_aug02.png,an emoji: watermelon red green summer,🍉,watermelon
images/0219_watermelon_aug03.png,a watermelon emoji,🍉,watermelon
images/0220_peach_aug00.png,emoji: sweet,🍑,peach
images/0220_peach_aug01.png,icon of peach,🍑,peach
images/0220_peach_aug02.png,pixel art of peach,🍑,peach
images/0220_peach_aug03.png,cartoon peach,🍑,peach
images/0221_cherries_aug00.png,a cherries emoji,🍒,cherries
images/0221_cherries_aug01.png,icon of cherries,🍒,cherries
images/0221_cherries_aug02.png,emoji: cherry,🍒,cherries
images/0221_cherries_aug03.png,cherries icon,🍒,cherries
images/0222_pear_aug00.png,emoji: pear,🍐,pear
images/0222_pear_aug01.png,pixel art of pear,🍐,pear
images/0222_pear_aug02.png,emoji showing pear,🍐,pear
images/0222_pear_aug03.png,emoji icon: pear,🍐,pear
images/0223_banana_aug00.png,banana icon,🍌,banana
images/0223_banana_aug01.png,a banana emoji,🍌,banana
images/0223_banana_aug02.png,banana,🍌,banana
images/0223_banana_aug03.png,a colorful emoji depicting banana,🍌,banana
images/0224_pineapple_aug00.png,pineapple icon,🍍,pineapple
images/0224_pineapple_aug01.png,emoji icon: pineapple,🍍,pineapple
images/0224_pineapple_aug02.png,emoji: pineapple,🍍,pineapple
images/0224_pineapple_aug03.png,emoji: spiky,🍍,pineapple
images/0225_mango_aug00.png,icon of mango,🥭,mango
images/0225_mango_aug01.png,an emoji: mango tropical orange sweet,🥭,mango
images/0225_mango_aug02.png,emoji icon: mango,🥭,mango
images/0225_mango_aug03.png,an emoji of mango,🥭,mango
images/0226_coconut_aug00.png,a white emoji,🥥,coconut
images/0226_coconut_aug01.png,a tropical emoji,🥥,coconut
images/0226_coconut_aug02.png,emoji: coconut,🥥,coconut
images/0226_coconut_aug03.png,a small illustration of coconut,🥥,coconut
images/0227_tomato_aug00.png,tomato,🍅,tomato
images/0227_tomato_aug01.png,a colorful emoji depicting tomato,🍅,tomato
images/0227_tomato_aug02.png,tomato red round sauce,🍅,tomato
images/0227_tomato_aug03.png,a tomato emoji,🍅,tomato
images/0228_avocado_aug00.png,a colorful emoji depicting avocado,🥑,avocado
images/0228_avocado_aug01.png,a green emoji,🥑,avocado
images/0228_avocado_aug02.png,an emoji of avocado,🥑,avocado
images/0228_avocado_aug03.png,avocado green healthy fat,🥑,avocado
images/0229_eggplant_aug00.png,an emoji: eggplant purple vegetable,🍆,eggplant
images/0229_eggplant_aug01.png,icon of eggplant,🍆,eggplant
images/0229_eggplant_aug02.png,a vegetable emoji,🍆,eggplant
images/0229_eggplant_aug03.png,a small illustration of eggplant,🍆,eggplant
images/0230_broccoli_aug00.png,cartoon broccoli,🥦,broccoli
images/0230_broccoli_aug01.png,emoji: healthy,🥦,broccoli
images/0230_broccoli_aug02.png,an emoji of broccoli,🥦,broccoli
images/0230_broccoli_aug03.png,a small illustration of broccoli,🥦,broccoli
images/0231_ear_of_corn_aug00.png,a yellow emoji,🌽,ear of corn
images/0231_ear_of_corn_aug01.png,a ear of corn emoji,🌽,ear of corn
images/0231_ear_of_corn_aug02.png,pixel art of ear of corn,🌽,ear of corn
images/0231_ear_of_corn_aug03.png,corn yellow cob vegetable,🌽,ear of corn
images/0232_hot_pepper_aug00.png,an emoji of hot pepper,🌶️,hot pepper
images/0232_hot_pepper_aug01.png,hot pepper icon,🌶️,hot pepper
images/0232_hot_pepper_aug02.png,emoji: hot,🌶️,hot pepper
images/0232_hot_pepper_aug03.png,emoji showing hot pepper,🌶️,hot pepper
images/0233_mushroom_aug00.png,emoji showing mushroom,🍄,mushroom
images/0233_mushroom_aug01.png,pixel art of mushroom,🍄,mushroom
images/0233_mushroom_aug02.png,icon of mushroom,🍄,mushroom
images/0233_mushroom_aug03.png,mushroom,🍄,mushroom
images/0234_carrot_aug00.png,carrot orange vegetable,🥕,carrot
images/0234_carrot_aug01.png,a orange emoji,🥕,carrot
images/0234_carrot_aug02.png,emoji: vegetable,🥕,carrot
images/0234_carrot_aug03.png,emoji: orange,🥕,carrot
images/0235_onion_aug00.png,emoji showing onion,🧅,onion
images/0235_onion_aug01.png,an emoji: onion purple layers vegetable,🧅,onion
images/0235_onion_aug02.png,a onion emoji,🧅,onion
images/0235_onion_aug03.png,pixel art of onion,🧅,onion
images/0236_garlic_aug00.png,an emoji: garlic white bulb pungent,🧄,garlic
images/0236_garlic_aug01.png,icon of garlic,🧄,garlic
images/0236_garlic_aug02.png,emoji icon: garlic,🧄,garlic
images/0236_garlic_aug03.png,garlic white bulb pungent,🧄,garlic
images/0237_potato_aug00.png,a small illustration of potato,🥔,potato
images/0237_potato_aug01.png,emoji: potato,🥔,potato
images/0237_potato_aug02.png,potato icon,🥔,potato
images/0237_potato_aug03.png,a colorful emoji depicting potato,🥔,potato
images/0238_chestnut_aug00.png,chestnut brown nut autumn,🌰,chestnut
images/0238_chestnut_aug01.png,icon of chestnut,🌰,chestnut
images/0238_chestnut_aug02.png,a small illustration of chestnut,🌰,chestnut
images/0238_chestnut_aug03.png,an emoji: chestnut brown nut autumn,🌰,chestnut
images/0239_bread_aug00.png,a baked emoji,🍞,bread
images/0239_bread_aug01.png,emoji: loaf,🍞,bread
images/0239_bread_aug02.png,an emoji: bread loaf baked wheat,🍞,bread
images/0239_bread_aug03.png,emoji showing bread,🍞,bread
images/0240_croissant_aug00.png,icon of croissant,🥐,croissant
images/0240_croissant_aug01.png,emoji: pastry,🥐,croissant
images/0240_croissant_aug02.png,an emoji of croissant,🥐,croissant
images/0240_croissant_aug03.png,emoji: croissant,🥐,croissant
images/0241_pizza_aug00.png,emoji: cheese,🍕,pizza
images/0241_pizza_aug01.png,pizza slice cheese tomato,🍕,pizza
images/0241_pizza_aug02.png,pixel art of pizza,🍕,pizza
images/0241_pizza_aug03.png,emoji showing pizza,🍕,pizza
images/0242_taco_aug00.png,a small illustration of taco,🌮,taco
images/0242_taco_aug01.png,cartoon taco,🌮,taco
images/0242_taco_aug02.png,emoji icon: taco,🌮,taco
images/0242_taco_aug03.png,emoji: mexican,🌮,taco
images/0243_burrito_aug00.png,cartoon burrito,🌯,burrito
images/0243_burrito_aug01.png,pixel art of burrito,🌯,burrito
images/0243_burrito_aug02.png,emoji showing burrito,🌯,burrito
images/0243_burrito_aug03.png,burrito wrapped mexican food,🌯,burrito
images/0244_hamburger_aug00.png,emoji: burger,🍔,hamburger
images/0244_hamburger_aug01.png,a burger emoji,🍔,hamburger
images/0244_hamburger_aug02.png,emoji: hamburger,🍔,hamburger
images/0244_hamburger_aug03.png,cartoon hamburger,🍔,hamburger
images/0245_french_fries_aug00.png,a french fries emoji,🍟,french fries
images/0245_french_fries_aug01.png,cartoon french fries,🍟,french fries
images/0245_french_fries_aug02.png,emoji: potato,🍟,french fries
images/0245_french_fries_aug03.png,icon of french fries,🍟,french fries
images/0246_hot_dog_aug00.png,a small illustration of hot dog,🌭,hot dog
images/0246_hot_dog_aug01.png,hot dog icon,🌭,hot dog
images/0246_hot_dog_aug02.png,emoji: hot dog,🌭,hot dog
images/0246_hot_dog_aug03.png,an emoji: hot dog sausage bun,🌭,hot dog
images/0247_sandwich_aug00.png,emoji: sandwich,🥪,sandwich
images/0247_sandwich_aug01.png,an emoji: sandwich bread filling lunch,🥪,sandwich
images/0247_sandwich_aug02.png,an emoji of sandwich,🥪,sandwich
images/0247_sandwich_aug03.png,a lunch emoji,🥪,sandwich
images/0248_popcorn_aug00.png,icon of popcorn,🍿,popcorn
images/0248_popcorn_aug01.png,emoji: popcorn,🍿,popcorn
images/0248_popcorn_aug02.png,pixel art of popcorn,🍿,popcorn
images/0248_popcorn_aug03.png,emoji: snack,🍿,popcorn
images/0249_falafel_aug00.png,icon of falafel,🧆,falafel
images/0249_falafel_aug01.png,falafel middle eastern chickpea,🧆,falafel
images/0249_falafel_aug02.png,a fried emoji,🧆,falafel
images/0249_falafel_aug03.png,emoji icon: falafel,🧆,falafel
images/0250_egg_aug00.png,icon of egg,🥚,egg
images/0250_egg_aug01.png,emoji: oval,🥚,egg
images/0250_egg_aug02.png,pixel art of egg,🥚,egg
images/0250_egg_aug03.png,an emoji: egg white oval breakfast,🥚,egg
images/0251_cooking_egg_aug00.png,emoji: breakfast,🍳,cooking egg
images/0251_cooking_egg_aug01.png,emoji: fried egg,🍳,cooking egg
images/0251_cooking_egg_aug02.png,a breakfast emoji,🍳,cooking egg
images/0251_cooking_egg_aug03.png,pixel art of cooking egg,🍳,cooking egg
images/0252_pancakes_aug00.png,emoji showing pancakes,🥞,pancakes
images/0252_pancakes_aug01.png,a syrup emoji,🥞,pancakes
images/0252_pancakes_aug02.png,emoji: pancakes,🥞,pancakes
images/0252_pancakes_aug03.png,a small illustration of pancakes,🥞,pancakes
images/0253_waffle_aug00.png,emoji: waffle,🧇,waffle
images/0253_waffle_aug01.png,a small illustration of waffle,🧇,waffle
images/0253_waffle_aug02.png,a breakfast emoji,🧇,waffle
images/0253_waffle_aug03.png,an emoji of waffle,🧇,waffle
images/0254_cheese_wedge_aug00.png,an emoji of cheese wedge,🧀,cheese wedge
images/0254_cheese_wedge_aug01.png,cheese yellow wedge dairy,🧀,cheese wedge
images/0254_cheese_wedge_aug02.png,cheese wedge icon,🧀,cheese wedge
images/0254_cheese_wedge_aug03.png,icon of cheese wedge,🧀,cheese wedge
images/0255_cut_of_meat_aug00.png,emoji: steak,🥩,cut of meat
images/0255_cut_of_meat_aug01.png,icon of cut of meat,🥩,cut of meat
images/0255_cut_of_meat_aug02.png,a red emoji,🥩,cut of meat
images/0255_cut_of_meat_aug03.png,a cut of meat emoji,🥩,cut of meat
images/0256_bacon_aug00.png,bacon,🥓,bacon
images/0256_bacon_aug01.png,bacon icon,🥓,bacon
images/0256_bacon_aug02.png,a small illustration of bacon,🥓,bacon
images/0256_bacon_aug03.png,emoji: breakfast,🥓,bacon
images/0257_poultry_leg_aug00.png,pixel art of poultry leg,🍗,poultry leg
images/0257_poultry_leg_aug01.png,cartoon poultry leg,🍗,poultry leg
images/0257_poultry_leg_aug02.png,a small illustration of poultry leg,🍗,poultry leg
images/0257_poultry_leg_aug03.png,a cooked emoji,🍗,poultry leg
images/0258_meat_on_bone_aug00.png,emoji showing meat on bone,🍖,meat on bone
images/0258_meat_on_bone_aug01.png,emoji: cooked,🍖,meat on bone
images/0258_meat_on_bone_aug02.png,a bone emoji,🍖,meat on bone
images/0258_meat_on_bone_aug03.png,icon of meat on bone,🍖,meat on bone
images/0259_taco_aug00.png,a small illustration of taco,🌮,taco
images/0259_taco_aug01.png,cartoon taco,🌮,taco
images/0259_taco_aug02.png,emoji icon: taco,🌮,taco
images/0259_taco_aug03.png,taco shell mexican seasoned,🌮,taco
images/0260_steaming_bowl_aug00.png,emoji: soup,🍜,steaming bowl
images/0260_steaming_bowl_aug01.png,steaming bowl,🍜,steaming bowl
images/0260_steaming_bowl_aug02.png,pixel art of steaming bowl,🍜,steaming bowl
images/0260_steaming_bowl_aug03.png,steaming bowl icon,🍜,steaming bowl
images/0261_sushi_aug00.png,sushi,🍣,sushi
images/0261_sushi_aug01.png,emoji: sushi,🍣,sushi
images/0261_sushi_aug02.png,sushi icon,🍣,sushi
images/0261_sushi_aug03.png,a sushi emoji,🍣,sushi
images/0262_bento_box_aug00.png,a bento emoji,🍱,bento box
images/0262_bento_box_aug01.png,bento box japanese lunch compartments,🍱,bento box
images/0262_bento_box_aug02.png,cartoon bento box,🍱,bento box
images/0262_bento_box_aug03.png,a japanese emoji,🍱,bento box
images/0263_soft_ice_cream_aug00.png,an emoji of soft ice cream,🍦,soft ice cream
images/0263_soft_ice_cream_aug01.png,emoji: soft serve,🍦,soft ice cream
images/0263_soft_ice_cream_aug02.png,a soft ice cream emoji,🍦,soft ice cream
images/0263_soft_ice_cream_aug03.png,a colorful emoji depicting soft ice cream,🍦,soft ice cream
images/0264_shaved_ice_aug00.png,a cold emoji,🍧,shaved ice
images/0264_shaved_ice_aug01.png,a sweet emoji,🍧,shaved ice
images/0264_shaved_ice_aug02.png,a colorful emoji depicting shaved ice,🍧,shaved ice
images/0264_shaved_ice_aug03.png,icon of shaved ice,🍧,shaved ice
images/0265_ice_cream_aug00.png,ice cream,🍨,ice cream
images/0265_ice_cream_aug01.png,an emoji of ice cream,🍨,ice cream
images/0265_ice_cream_aug02.png,cartoon ice cream,🍨,ice cream
images/0265_ice_cream_aug03.png,emoji icon: ice cream,🍨,ice cream
images/0266_doughnut_aug00.png,a donut emoji,🍩,doughnut
images/0266_doughnut_aug01.png,donut glazed ring sweet,🍩,doughnut
images/0266_doughnut_aug02.png,a glazed emoji,🍩,doughnut
images/0266_doughnut_aug03.png,an emoji: donut glazed ring sweet,🍩,doughnut
images/0267_cookie_aug00.png,pixel art of cookie,🍪,cookie
images/0267_cookie_aug01.png,an emoji of cookie,🍪,cookie
images/0267_cookie_aug02.png,a sweet emoji,🍪,cookie
images/0267_cookie_aug03.png,cookie,🍪,cookie
images/0268_birthday_cake_aug00.png,an emoji: birthday cake candles celebration layer,🎂,birthday cake
images/0268_birthday_cake_aug01.png,emoji icon: birthday cake,🎂,birthday cake
images/0268_birthday_cake_aug02.png,cartoon birthday cake,🎂,birthday cake
images/0268_birthday_cake_aug03.png,a colorful emoji depicting birthday cake,🎂,birthday cake
images/0269_shortcake_aug00.png,a cake emoji,🍰,shortcake
images/0269_shortcake_aug01.png,an emoji of shortcake,🍰,shortcake
images/0269_shortcake_aug02.png,icon of shortcake,🍰,shortcake
images/0269_shortcake_aug03.png,cake slice cream strawberry dessert,🍰,shortcake
images/0270_cupcake_aug00.png,emoji: cupcake,🧁,cupcake
images/0270_cupcake_aug01.png,cartoon cupcake,🧁,cupcake
images/0270_cupcake_aug02.png,emoji showing cupcake,🧁,cupcake
images/0270_cupcake_aug03.png,a cupcake emoji,🧁,cupcake
images/0271_chocolate_bar_aug00.png,cartoon chocolate bar,🍫,chocolate bar
images/0271_chocolate_bar_aug01.png,emoji: chocolate,🍫,chocolate bar
images/0271_chocolate_bar_aug02.png,pixel art of chocolate bar,🍫,chocolate bar
images/0271_chocolate_bar_aug03.png,a small illustration of chocolate bar,🍫,chocolate bar
images/0272_candy_aug00.png,emoji: candy,🍬,candy
images/0272_candy_aug01.png,candy colorful sweet wrapper,🍬,candy
images/0272_candy_aug02.png,cartoon candy,🍬,candy
images/0272_candy_aug03.png,emoji icon: candy,🍬,candy
images/0273_lollipop_aug00.png,a candy emoji,🍭,lollipop
images/0273_lollipop_aug01.png,a small illustration of lollipop,🍭,lollipop
images/0273_lollipop_aug02.png,emoji: candy,🍭,lollipop
images/0273_lollipop_aug03.png,emoji icon: lollipop,🍭,lollipop
images/0274_custard_aug00.png,custard flan dessert yellow,🍮,custard
images/0274_custard_aug01.png,a colorful emoji depicting custard,🍮,custard
images/0274_custard_aug02.png,emoji icon: custard,🍮,custard
images/0274_custard_aug03.png,emoji: custard,🍮,custard
images/0275_honey_pot_aug00.png,an emoji of honey pot,🍯,honey pot
images/0275_honey_pot_aug01.png,emoji: honey,🍯,honey pot
images/0275_honey_pot_aug02.png,emoji showing honey pot,🍯,honey pot
images/0275_honey_pot_aug03.png,cartoon honey pot,🍯,honey pot
images/0276_hot_beverage_aug00.png,an emoji: coffee tea hot steam cup,☕,hot beverage
images/0276_hot_beverage_aug01.png,emoji icon: hot beverage,☕,hot beverage
images/0276_hot_beverage_aug02.png,a steam emoji,☕,hot beverage
images/0276_hot_beverage_aug03.png,icon of hot beverage,☕,hot beverage
images/0277_teacup_without_handle_aug00.png,emoji: green,🍵,teacup without handle
images/0277_teacup_without_handle_aug01.png,an emoji of teacup without handle,🍵,teacup without handle
images/0277_teacup_without_handle_aug02.png,emoji: warm,🍵,teacup without handle
images/0277_teacup_without_handle_aug03.png,a small illustration of teacup without handle,🍵,teacup without handle
images/0278_beverage_box_aug00.png,a carton emoji,🧃,beverage box
images/0278_beverage_box_aug01.png,cartoon beverage box,🧃,beverage box
images/0278_beverage_box_aug02.png,emoji showing beverage box,🧃,beverage box
images/0278_beverage_box_aug03.png,a beverage box emoji,🧃,beverage box
images/0279_cup_with_straw_aug00.png,icon of cup with straw,🥤,cup with straw
images/0279_cup_with_straw_aug01.png,a small illustration of cup with straw,🥤,cup with straw
images/0279_cup_with_straw_aug02.png,drink straw cold beverage cup,🥤,cup with straw
images/0279_cup_with_straw_aug03.png,emoji showing cup with straw,🥤,cup with straw
images/0280_bubble_tea_aug00.png,a small illustration of bubble tea,🧋,bubble tea
images/0280_bubble_tea_aug01.png,emoji icon: bubble tea,🧋,bubble tea
images/0280_bubble_tea_aug02.png,emoji: pearls,🧋,bubble tea
images/0280_bubble_tea_aug03.png,bubble tea icon,🧋,bubble tea
images/0281_beer_mug_aug00.png,a beer emoji,🍺,beer mug
images/0281_beer_mug_aug01.png,emoji: beer,🍺,beer mug
images/0281_beer_mug_aug02.png,beer mug,🍺,beer mug
images/0281_beer_mug_aug03.png,a foam emoji,🍺,beer mug
images/0282_clinking_beer_mugs_aug00.png,emoji showing clinking beer mugs,🍻,clinking beer mugs
images/0282_clinking_beer_mugs_aug01.png,emoji: cheers,🍻,clinking beer mugs
images/0282_clinking_beer_mugs_aug02.png,emoji: toast,🍻,clinking beer mugs
images/0282_clinking_beer_mugs_aug03.png,clinking beer mugs icon,🍻,clinking beer mugs
images/0283_clinking_glasses_aug00.png,a clinking glasses emoji,🥂,clinking glasses
images/0283_clinking_glasses_aug01.png,emoji icon: clinking glasses,🥂,clinking glasses
images/0283_clinking_glasses_aug02.png,clinking glasses icon,🥂,clinking glasses
images/0283_clinking_glasses_aug03.png,emoji: champagne,🥂,clinking glasses
images/0284_wine_glass_aug00.png,a small illustration of wine glass,🍷,wine glass
images/0284_wine_glass_aug01.png,wine glass,🍷,wine glass
images/0284_wine_glass_aug02.png,wine glass icon,🍷,wine glass
images/0284_wine_glass_aug03.png,emoji: glass,🍷,wine glass
images/0285_tumbler_glass_aug00.png,tumbler glass,🥃,tumbler glass
images/0285_tumbler_glass_aug01.png,tumbler glass icon,🥃,tumbler glass
images/0285_tumbler_glass_aug02.png,a colorful emoji depicting tumbler glass,🥃,tumbler glass
images/0285_tumbler_glass_aug03.png,emoji showing tumbler glass,🥃,tumbler glass
images/0286_tropical_drink_aug00.png,icon of tropical drink,🍹,tropical drink
images/0286_tropical_drink_aug01.png,tropical drink,🍹,tropical drink
images/0286_tropical_drink_aug02.png,cocktail tropical drink umbrella,🍹,tropical drink
images/0286_tropical_drink_aug03.png,a umbrella emoji,🍹,tropical drink
images/0287_cherry_blossom_aug00.png,emoji: pink,🌸,cherry blossom
images/0287_cherry_blossom_aug01.png,emoji icon: cherry blossom,🌸,cherry blossom
images/0287_cherry_blossom_aug02.png,cherry blossom icon,🌸,cherry blossom
images/0287_cherry_blossom_aug03.png,an emoji: pink cherry blossom flower spring,🌸,cherry blossom
images/0288_bouquet_aug00.png,a small illustration of bouquet,💐,bouquet
images/0288_bouquet_aug01.png,pixel art of bouquet,💐,bouquet
images/0288_bouquet_aug02.png,a flowers emoji,💐,bouquet
images/0288_bouquet_aug03.png,an emoji of bouquet,💐,bouquet
images/0289_rose_aug00.png,emoji: red,🌹,rose
images/0289_rose_aug01.png,cartoon rose,🌹,rose
images/0289_rose_aug02.png,emoji icon: rose,🌹,rose
images/0289_rose_aug03.png,rose red romantic flower,🌹,rose
images/0290_hibiscus_aug00.png,an emoji of hibiscus,🌺,hibiscus
images/0290_hibiscus_aug01.png,hibiscus icon,🌺,hibiscus
images/0290_hibiscus_aug02.png,emoji: hibiscus,🌺,hibiscus
images/0290_hibiscus_aug03.png,hibiscus,🌺,hibiscus
images/0291_sunflower_aug00.png,emoji: yellow,🌻,sunflower
images/0291_sunflower_aug01.png,emoji icon: sunflower,🌻,sunflower
images/0291_sunflower_aug02.png,cartoon sunflower,🌻,sunflower
images/0291_sunflower_aug03.png,a colorful emoji depicting sunflower,🌻,sunflower
images/0292_blossom_aug00.png,an emoji: blossom flower yellow petals,🌼,blossom
images/0292_blossom_aug01.png,cartoon blossom,🌼,blossom
images/0292_blossom_aug02.png,a small illustration of blossom,🌼,blossom
images/0292_blossom_aug03.png,blossom icon,🌼,blossom
images/0293_tulip_aug00.png,a tulip emoji,🌷,tulip
images/0293_tulip_aug01.png,an emoji of tulip,🌷,tulip
images/0293_tulip_aug02.png,emoji: pink,🌷,tulip
images/0293_tulip_aug03.png,cartoon tulip,🌷,tulip
images/0294_seedling_aug00.png,a small illustration of seedling,🌱,seedling
images/0294_seedling_aug01.png,pixel art of seedling,🌱,seedling
images/0294_seedling_aug02.png,seedling icon,🌱,seedling
images/0294_seedling_aug03.png,an emoji: seedling sprout small green new,🌱,seedling
images/0295_herb_aug00.png,emoji: green,🌿,herb
images/0295_herb_aug01.png,emoji showing herb,🌿,herb
images/0295_herb_aug02.png,a herb emoji,🌿,herb
images/0295_herb_aug03.png,a natural emoji,🌿,herb
images/0296_four_leaf_clover_aug00.png,emoji showing four leaf clover,🍀,four leaf clover
images/0296_four_leaf_clover_aug01.png,four leaf clover icon,🍀,four leaf clover
images/0296_four_leaf_clover_aug02.png,emoji: clover,🍀,four leaf clover
images/0296_four_leaf_clover_aug03.png,a green emoji,🍀,four leaf clover
images/0297_maple_leaf_aug00.png,emoji: maple,🍁,maple leaf
images/0297_maple_leaf_aug01.png,emoji: autumn,🍁,maple leaf
images/0297_maple_leaf_aug02.png,a maple leaf emoji,🍁,maple leaf
images/0297_maple_leaf_aug03.png,a small illustration of maple leaf,🍁,maple leaf
images/0298_fallen_leaf_aug00.png,icon of fallen leaf,🍂,fallen leaf
images/0298_fallen_leaf_aug01.png,fallen leaf,🍂,fallen leaf
images/0298_fallen_leaf_aug02.png,emoji icon: fallen leaf,🍂,fallen leaf
images/0298_fallen_leaf_aug03.png,emoji: fallen leaf,🍂,fallen leaf
images/0299_leaf_fluttering_in_wind_aug00.png,emoji: leaf,🍃,leaf fluttering in wind
images/0299_leaf_fluttering_in_wind_aug01.png,cartoon leaf fluttering in wind,🍃,leaf fluttering in wind
images/0299_leaf_fluttering_in_wind_aug02.png,an emoji of leaf fluttering in wind,🍃,leaf fluttering in wind
images/0299_leaf_fluttering_in_wind_aug03.png,a leaf emoji,🍃,leaf fluttering in wind
images/0300_globe_showing_europe-africa_aug00.png,a earth emoji,🌍,globe showing europe-africa
images/0300_globe_showing_europe-africa_aug01.png,globe showing europe-africa icon,🌍,globe showing europe-africa
images/0300_globe_showing_europe-africa_aug02.png,an emoji of globe showing europe-africa,🌍,globe showing europe-africa
images/0300_globe_showing_europe-africa_aug03.png,globe showing europe-africa,🌍,globe showing europe-africa
images/0301_globe_showing_americas_aug00.png,cartoon globe showing americas,🌎,globe showing americas
images/0301_globe_showing_americas_aug01.png,a americas emoji,🌎,globe showing americas
images/0301_globe_showing_americas_aug02.png,a colorful emoji depicting globe showing americas,🌎,globe showing americas
images/0301_globe_showing_americas_aug03.png,emoji: world,🌎,globe showing americas
images/0302_globe_showing_asia-australia_aug00.png,a asia emoji,🌏,globe showing asia-australia
images/0302_globe_showing_asia-australia_aug01.png,a globe showing asia-australia emoji,🌏,globe showing asia-australia
images/0302_globe_showing_asia-australia_aug02.png,an emoji: earth asia australia globe,🌏,globe showing asia-australia
images/0302_globe_showing_asia-australia_aug03.png,a small illustration of globe showing asia-australia,🌏,globe showing asia-australia
images/0303_full_moon_aug00.png,full moon,🌕,full moon
images/0303_full_moon_aug01.png,an emoji of full moon,🌕,full moon
images/0303_full_moon_aug02.png,cartoon full moon,🌕,full moon
images/0303_full_moon_aug03.png,emoji: moon,🌕,full moon
images/0304_crescent_moon_aug00.png,crescent moon night sky yellow,🌙,crescent moon
images/0304_crescent_moon_aug01.png,a small illustration of crescent moon,🌙,crescent moon
images/0304_crescent_moon_aug02.png,a colorful emoji depicting crescent moon,🌙,crescent moon
images/0304_crescent_moon_aug03.png,cartoon crescent moon,🌙,crescent moon
images/0305_star_aug00.png,icon of star,⭐,star
images/0305_star_aug01.png,emoji: star,⭐,star
images/0305_star_aug02.png,a night emoji,⭐,star
images/0305_star_aug03.png,a colorful emoji depicting star,⭐,star
images/0306_glowing_star_aug00.png,an emoji of glowing star,🌟,glowing star
images/0306_glowing_star_aug01.png,a glowing star emoji,🌟,glowing star
images/0306_glowing_star_aug02.png,a small illustration of glowing star,🌟,glowing star
images/0306_glowing_star_aug03.png,emoji: star,🌟,glowing star
images/0307_sparkles_aug00.png,emoji icon: sparkles,✨,sparkles
images/0307_sparkles_aug01.png,a sparkles emoji,✨,sparkles
images/0307_sparkles_aug02.png,emoji showing sparkles,✨,sparkles
images/0307_sparkles_aug03.png,icon of sparkles,✨,sparkles
images/0308_high_voltage_aug00.png,an emoji: lightning bolt electricity energy,⚡,high voltage
images/0308_high_voltage_aug01.png,a energy emoji,⚡,high voltage
images/0308_high_voltage_aug02.png,high voltage,⚡,high voltage
images/0308_high_voltage_aug03.png,icon of high voltage,⚡,high voltage
images/0309_fire_aug00.png,an emoji: fire flame hot burning,🔥,fire
images/0309_fire_aug01.png,emoji icon: fire,🔥,fire
images/0309_fire_aug02.png,a small illustration of fire,🔥,fire
images/0309_fire_aug03.png,fire icon,🔥,fire
images/0310_droplet_aug00.png,an emoji of droplet,💧,droplet
images/0310_droplet_aug01.png,an emoji: droplet water blue tear,💧,droplet
images/0310_droplet_aug02.png,a colorful emoji depicting droplet,💧,droplet
images/0310_droplet_aug03.png,icon of droplet,💧,droplet
images/0311_water_wave_aug00.png,an emoji of water wave,🌊,water wave
images/0311_water_wave_aug01.png,wave ocean sea water surf,🌊,water wave
images/0311_water_wave_aug02.png,icon of water wave,🌊,water wave
images/0311_water_wave_aug03.png,emoji icon: water wave,🌊,water wave
images/0312_rainbow_aug00.png,emoji: colorful,🌈,rainbow
images/0312_rainbow_aug01.png,a sky emoji,🌈,rainbow
images/0312_rainbow_aug02.png,a rainbow emoji,🌈,rainbow
images/0312_rainbow_aug03.png,a colorful emoji depicting rainbow,🌈,rainbow
images/0313_snowflake_aug00.png,a cold emoji,❄️,snowflake
images/0313_snowflake_aug01.png,a snow emoji,❄️,snowflake
images/0313_snowflake_aug02.png,emoji: snow,❄️,snowflake
images/0313_snowflake_aug03.png,an emoji: snowflake cold winter white crystal,❄️,snowflake
images/0314_snowman_aug00.png,emoji: cold,⛄,snowman
images/0314_snowman_aug01.png,emoji: snowman,⛄,snowman
images/0314_snowman_aug02.png,emoji showing snowman,⛄,snowman
images/0314_snowman_aug03.png,snowman icon,⛄,snowman
images/0315_tornado_aug00.png,tornado icon,🌪️,tornado
images/0315_tornado_aug01.png,tornado,🌪️,tornado
images/0315_tornado_aug02.png,emoji: wind,🌪️,tornado
images/0315_tornado_aug03.png,emoji showing tornado,🌪️,tornado
images/0316_cloud_with_rain_aug00.png,emoji: rain,🌧️,cloud with rain
images/0316_cloud_with_rain_aug01.png,emoji icon: cloud with rain,🌧️,cloud with rain
images/0316_cloud_with_rain_aug02.png,an emoji of cloud with rain,🌧️,cloud with rain
images/0316_cloud_with_rain_aug03.png,a cloud with rain emoji,🌧️,cloud with rain
images/0317_cloud_with_lightning_and_rain_aug00.png,cloud with lightning and rain,⛈️,cloud with lightning and rain
images/0317_cloud_with_lightning_and_rain_aug01.png,a small illustration of cloud with lightning and rain,⛈️,cloud with lightning and rain
images/0317_cloud_with_lightning_and_rain_aug02.png,cartoon cloud with lightning and rain,⛈️,cloud with lightning and rain
images/0317_cloud_with_lightning_and_rain_aug03.png,emoji icon: cloud with lightning and rain,⛈️,cloud with lightning and rain
images/0318_sun_behind_small_cloud_aug00.png,a small illustration of sun behind small cloud,🌤️,sun behind small cloud
images/0318_sun_behind_small_cloud_aug01.png,a sunny emoji,🌤️,sun behind small cloud
images/0318_sun_behind_small_cloud_aug02.png,a colorful emoji depicting sun behind small cloud,🌤️,sun behind small cloud
images/0318_sun_behind_small_cloud_aug03.png,sun behind small cloud,🌤️,sun behind small cloud
images/0319_sun_aug00.png,emoji icon: sun,☀️,sun
images/0319_sun_aug01.png,sun bright yellow warm day,☀️,sun
images/0319_sun_aug02.png,emoji: bright,☀️,sun
images/0319_sun_aug03.png,a sun emoji,☀️,sun
images/0320_wind_face_aug00.png,emoji: blow,🌬️,wind face
images/0320_wind_face_aug01.png,an emoji of wind face,🌬️,wind face
images/0320_wind_face_aug02.png,wind blowing face cold breeze,🌬️,wind face
images/0320_wind_face_aug03.png,cartoon wind face,🌬️,wind face
images/0321_automobile_aug00.png,emoji: road,🚗,automobile
images/0321_automobile_aug01.png,pixel art of automobile,🚗,automobile
images/0321_automobile_aug02.png,a drive emoji,🚗,automobile
images/0321_automobile_aug03.png,automobile,🚗,automobile
images/0322_taxi_aug00.png,a yellow emoji,🚕,taxi
images/0322_taxi_aug01.png,taxi,🚕,taxi
images/0322_taxi_aug02.png,emoji: taxi,🚕,taxi
images/0322_taxi_aug03.png,icon of taxi,🚕,taxi
images/0323_sport_utility_vehicle_aug00.png,emoji showing sport utility vehicle,🚙,sport utility vehicle
images/0323_sport_utility_vehicle_aug01.png,cartoon sport utility vehicle,🚙,sport utility vehicle
images/0323_sport_utility_vehicle_aug02.png,a sport utility vehicle emoji,🚙,sport utility vehicle
images/0323_sport_utility_vehicle_aug03.png,emoji: suv,🚙,sport utility vehicle
images/0324_bus_aug00.png,an emoji of bus,🚌,bus
images/0324_bus_aug01.png,emoji: yellow,🚌,bus
images/0324_bus_aug02.png,a transport emoji,🚌,bus
images/0324_bus_aug03.png,bus,🚌,bus
images/0325_trolleybus_aug00.png,a city emoji,🚎,trolleybus
images/0325_trolleybus_aug01.png,a small illustration of trolleybus,🚎,trolleybus
images/0325_trolleybus_aug02.png,pixel art of trolleybus,🚎,trolleybus
images/0325_trolleybus_aug03.png,a electric emoji,🚎,trolleybus
images/0326_minibus_aug00.png,emoji icon: minibus,🚐,minibus
images/0326_minibus_aug01.png,an emoji: minibus van small transport,🚐,minibus
images/0326_minibus_aug02.png,emoji: transport,🚐,minibus
images/0326_minibus_aug03.png,cartoon minibus,🚐,minibus
images/0327_ambulance_aug00.png,pixel art of ambulance,🚑,ambulance
images/0327_ambulance_aug01.png,an emoji: ambulance emergency red cross,🚑,ambulance
images/0327_ambulance_aug02.png,a ambulance emoji,🚑,ambulance
images/0327_ambulance_aug03.png,a emergency emoji,🚑,ambulance
images/0328_fire_engine_aug00.png,a fire engine emoji,🚒,fire engine
images/0328_fire_engine_aug01.png,a red emoji,🚒,fire engine
images/0328_fire_engine_aug02.png,emoji: fire truck,🚒,fire engine
images/0328_fire_engine_aug03.png,emoji showing fire engine,🚒,fire engine
images/0329_police_car_aug00.png,icon of police car,🚓,police car
images/0329_police_car_aug01.png,a colorful emoji depicting police car,🚓,police car
images/0329_police_car_aug02.png,police car,🚓,police car
images/0329_police_car_aug03.png,police car icon,🚓,police car
images/0330_locomotive_aug00.png,emoji: locomotive,🚂,locomotive
images/0330_locomotive_aug01.png,emoji: steam,🚂,locomotive
images/0330_locomotive_aug02.png,locomotive icon,🚂,locomotive
images/0330_locomotive_aug03.png,train locomotive steam engine,🚂,locomotive
images/0331_airplane_aug00.png,icon of airplane,✈️,airplane
images/0331_airplane_aug01.png,a small illustration of airplane,✈️,airplane
images/0331_airplane_aug02.png,airplane icon,✈️,airplane
images/0331_airplane_aug03.png,emoji: travel,✈️,airplane
images/0332_rocket_aug00.png,an emoji of rocket,🚀,rocket
images/0332_rocket_aug01.png,rocket icon,🚀,rocket
images/0332_rocket_aug02.png,a colorful emoji depicting rocket,🚀,rocket
images/0332_rocket_aug03.png,a rocket emoji,🚀,rocket
images/0333_flying_saucer_aug00.png,a spaceship emoji,🛸,flying saucer
images/0333_flying_saucer_aug01.png,emoji: alien,🛸,flying saucer
images/0333_flying_saucer_aug02.png,a colorful emoji depicting flying saucer,🛸,flying saucer
images/0333_flying_saucer_aug03.png,emoji: spaceship,🛸,flying saucer
images/0334_sailboat_aug00.png,cartoon sailboat,⛵,sailboat
images/0334_sailboat_aug01.png,emoji icon: sailboat,⛵,sailboat
images/0334_sailboat_aug02.png,a small illustration of sailboat,⛵,sailboat
images/0334_sailboat_aug03.png,a ocean emoji,⛵,sailboat
images/0335_ship_aug00.png,cartoon ship,🚢,ship
images/0335_ship_aug01.png,a cruise emoji,🚢,ship
images/0335_ship_aug02.png,emoji showing ship,🚢,ship
images/0335_ship_aug03.png,a colorful emoji depicting ship,🚢,ship
images/0336_house_aug00.png,emoji: building,🏠,house
images/0336_house_aug01.png,house,🏠,house
images/0336_house_aug02.png,a small illustration of house,🏠,house
images/0336_house_aug03.png,house icon,🏠,house
images/0337_castle_aug00.png,an emoji: castle medieval stone fortress,🏰,castle
images/0337_castle_aug01.png,pixel art of castle,🏰,castle
images/0337_castle_aug02.png,a small illustration of castle,🏰,castle
images/0337_castle_aug03.png,emoji: medieval,🏰,castle
images/0338_tokyo_tower_aug00.png,cartoon tokyo tower,🗼,tokyo tower
images/0338_tokyo_tower_aug01.png,a small illustration of tokyo tower,🗼,tokyo tower
images/0338_tokyo_tower_aug02.png,tokyo tower,🗼,tokyo tower
images/0338_tokyo_tower_aug03.png,emoji showing tokyo tower,🗼,tokyo tower
images/0339_statue_of_liberty_aug00.png,emoji: usa,🗽,statue of liberty
images/0339_statue_of_liberty_aug01.png,an emoji: statue liberty new york usa,🗽,statue of liberty
images/0339_statue_of_liberty_aug02.png,emoji: liberty,🗽,statue of liberty
images/0339_statue_of_liberty_aug03.png,a small illustration of statue of liberty,🗽,statue of liberty
images/0340_foggy_aug00.png,emoji: morning,🌁,foggy
images/0340_foggy_aug01.png,a colorful emoji depicting foggy,🌁,foggy
images/0340_foggy_aug02.png,an emoji of foggy,🌁,foggy
images/0340_foggy_aug03.png,emoji showing foggy,🌁,foggy
images/0341_snow-capped_mountain_aug00.png,pixel art of snow-capped mountain,🏔️,snow-capped mountain
images/0341_snow-capped_mountain_aug01.png,mountain snow peak high,🏔️,snow-capped mountain
images/0341_snow-capped_mountain_aug02.png,emoji: peak,🏔️,snow-capped mountain
images/0341_snow-capped_mountain_aug03.png,emoji icon: snow-capped mountain,🏔️,snow-capped mountain
images/0342_volcano_aug00.png,a small illustration of volcano,🌋,volcano
images/0342_volcano_aug01.png,icon of volcano,🌋,volcano
images/0342_volcano_aug02.png,volcano eruption lava fire,🌋,volcano
images/0342_volcano_aug03.png,an emoji: volcano eruption lava fire,🌋,volcano
images/0343_desert_island_aug00.png,a desert island emoji,🏝️,desert island
images/0343_desert_island_aug01.png,a beach emoji,🏝️,desert island
images/0343_desert_island_aug02.png,a tropical emoji,🏝️,desert island
images/0343_desert_island_aug03.png,emoji: island,🏝️,desert island
images/0344_sunrise_aug00.png,emoji showing sunrise,🌅,sunrise
images/0344_sunrise_aug01.png,a small illustration of sunrise,🌅,sunrise
images/0344_sunrise_aug02.png,a sunrise emoji,🌅,sunrise
images/0344_sunrise_aug03.png,emoji: morning,🌅,sunrise
images/0345_fireworks_aug00.png,emoji: colorful,🎆,fireworks
images/0345_fireworks_aug01.png,emoji: celebrate,🎆,fireworks
images/0345_fireworks_aug02.png,cartoon fireworks,🎆,fireworks
images/0345_fireworks_aug03.png,a colorful emoji depicting fireworks,🎆,fireworks
images/0346_soccer_ball_aug00.png,icon of soccer ball,⚽,soccer ball
images/0346_soccer_ball_aug01.png,a ball emoji,⚽,soccer ball
images/0346_soccer_ball_aug02.png,an emoji of soccer ball,⚽,soccer ball
images/0346_soccer_ball_aug03.png,emoji: football,⚽,soccer ball
images/0347_basketball_aug00.png,emoji showing basketball,🏀,basketball
images/0347_basketball_aug01.png,an emoji: basketball orange ball sport,🏀,basketball
images/0347_basketball_aug02.png,a sport emoji,🏀,basketball
images/0347_basketball_aug03.png,icon of basketball,🏀,basketball
images/0348_american_football_aug00.png,american football icon,🏈,american football
images/0348_american_football_aug01.png,emoji icon: american football,🏈,american football
images/0348_american_football_aug02.png,cartoon american football,🏈,american football
images/0348_american_football_aug03.png,a american football emoji,🏈,american football
images/0349_baseball_aug00.png,an emoji: baseball white stitches sport,⚾,baseball
images/0349_baseball_aug01.png,icon of baseball,⚾,baseball
images/0349_baseball_aug02.png,an emoji of baseball,⚾,baseball
images/0349_baseball_aug03.png,a colorful emoji depicting baseball,⚾,baseball
images/0350_tennis_aug00.png,cartoon tennis,🎾,tennis
images/0350_tennis_aug01.png,a sport emoji,🎾,tennis
images/0350_tennis_aug02.png,emoji showing tennis,🎾,tennis
images/0350_tennis_aug03.png,an emoji: tennis ball yellow fuzzy sport,🎾,tennis
images/0351_volleyball_aug00.png,emoji: sport,🏐,volleyball
images/0351_volleyball_aug01.png,volleyball white blue sport beach,🏐,volleyball
images/0351_volleyball_aug02.png,a volleyball emoji,🏐,volleyball
images/0351_volleyball_aug03.png,icon of volleyball,🏐,volleyball
images/0352_rugby_football_aug00.png,a oval emoji,🏉,rugby football
images/0352_rugby_football_aug01.png,an emoji: rugby ball brown oval sport,🏉,rugby football
images/0352_rugby_football_aug02.png,emoji: sport,🏉,rugby football
images/0352_rugby_football_aug03.png,rugby ball brown oval sport,🏉,rugby football
images/0353_pool_8_ball_aug00.png,emoji icon: pool 8 ball,🎱,pool 8 ball
images/0353_pool_8_ball_aug01.png,billiard eight ball pool game,🎱,pool 8 ball
images/0353_pool_8_ball_aug02.png,emoji: pool,🎱,pool 8 ball
images/0353_pool_8_ball_aug03.png,a billiard emoji,🎱,pool 8 ball
images/0354_ping_pong_aug00.png,table tennis ping pong paddle,🏓,ping pong
images/0354_ping_pong_aug01.png,emoji: paddle,🏓,ping pong
images/0354_ping_pong_aug02.png,emoji: ping pong,🏓,ping pong
images/0354_ping_pong_aug03.png,an emoji of ping pong,🏓,ping pong
images/0355_badminton_aug00.png,a small illustration of badminton,🏸,badminton
images/0355_badminton_aug01.png,emoji icon: badminton,🏸,badminton
images/0355_badminton_aug02.png,badminton,🏸,badminton
images/0355_badminton_aug03.png,emoji: racket,🏸,badminton
images/0356_boxing_glove_aug00.png,emoji: fight,🥊,boxing glove
images/0356_boxing_glove_aug01.png,emoji showing boxing glove,🥊,boxing glove
images/0356_boxing_glove_aug02.png,boxing glove,🥊,boxing glove
images/0356_boxing_glove_aug03.png,emoji icon: boxing glove,🥊,boxing glove
images/0357_bullseye_aug00.png,a target emoji,🎯,bullseye
images/0357_bullseye_aug01.png,an emoji of bullseye,🎯,bullseye
images/0357_bullseye_aug02.png,icon of bullseye,🎯,bullseye
images/0357_bullseye_aug03.png,emoji: target,🎯,bullseye
images/0358_video_game_aug00.png,emoji: controller,🎮,video game
images/0358_video_game_aug01.png,emoji: play,🎮,video game
images/0358_video_game_aug02.png,a small illustration of video game,🎮,video game
images/0358_video_game_aug03.png,a game emoji,🎮,video game
images/0359_game_die_aug00.png,game die,🎲,game die
images/0359_game_die_aug01.png,a small illustration of game die,🎲,game die
images/0359_game_die_aug02.png,pixel art of game die,🎲,game die
images/0359_game_die_aug03.png,emoji: roll,🎲,game die
images/0360_performing_arts_aug00.png,emoji showing performing arts,🎭,performing arts
images/0360_performing_arts_aug01.png,theater mask comedy tragedy,🎭,performing arts
images/0360_performing_arts_aug02.png,icon of performing arts,🎭,performing arts
images/0360_performing_arts_aug03.png,a small illustration of performing arts,🎭,performing arts
images/0361_artist_palette_aug00.png,artist palette,🎨,artist palette
images/0361_artist_palette_aug01.png,a small illustration of artist palette,🎨,artist palette
images/0361_artist_palette_aug02.png,cartoon artist palette,🎨,artist palette
images/0361_artist_palette_aug03.png,a paint emoji,🎨,artist palette
images/0362_clapper_board_aug00.png,a colorful emoji depicting clapper board,🎬,clapper board
images/0362_clapper_board_aug01.png,clapper board,🎬,clapper board
images/0362_clapper_board_aug02.png,emoji showing clapper board,🎬,clapper board
images/0362_clapper_board_aug03.png,a action emoji,🎬,clapper board
images/0363_microphone_aug00.png,a sing emoji,🎤,microphone
images/0363_microphone_aug01.png,cartoon microphone,🎤,microphone
images/0363_microphone_aug02.png,emoji showing microphone,🎤,microphone
images/0363_microphone_aug03.png,microphone icon,🎤,microphone
images/0364_headphone_aug00.png,a colorful emoji depicting headphone,🎧,headphone
images/0364_headphone_aug01.png,an emoji of headphone,🎧,headphone
images/0364_headphone_aug02.png,emoji: music,🎧,headphone
images/0364_headphone_aug03.png,cartoon headphone,🎧,headphone
images/0365_guitar_aug00.png,cartoon guitar,🎸,guitar
images/0365_guitar_aug01.png,icon of guitar,🎸,guitar
images/0365_guitar_aug02.png,emoji: rock,🎸,guitar
images/0365_guitar_aug03.png,a music emoji,🎸,guitar
images/0366_musical_keyboard_aug00.png,pixel art of musical keyboard,🎹,musical keyboard
images/0366_musical_keyboard_aug01.png,a piano emoji,🎹,musical keyboard
images/0366_musical_keyboard_aug02.png,an emoji: piano keys music keyboard,🎹,musical keyboard
images/0366_musical_keyboard_aug03.png,emoji: piano,🎹,musical keyboard
images/0367_trumpet_aug00.png,an emoji of trumpet,🎺,trumpet
images/0367_trumpet_aug01.png,a trumpet emoji,🎺,trumpet
images/0367_trumpet_aug02.png,a brass emoji,🎺,trumpet
images/0367_trumpet_aug03.png,pixel art of trumpet,🎺,trumpet
images/0368_violin_aug00.png,a classical emoji,🎻,violin
images/0368_violin_aug01.png,an emoji: violin strings classical music,🎻,violin
images/0368_violin_aug02.png,violin strings classical music,🎻,violin
images/0368_violin_aug03.png,a colorful emoji depicting violin,🎻,violin
images/0369_drum_aug00.png,a percussion emoji,🥁,drum
images/0369_drum_aug01.png,pixel art of drum,🥁,drum
images/0369_drum_aug02.png,a colorful emoji depicting drum,🥁,drum
images/0369_drum_aug03.png,emoji icon: drum,🥁,drum
images/0370_mobile_phone_aug00.png,a device emoji,📱,mobile phone
images/0370_mobile_phone_aug01.png,emoji: device,📱,mobile phone
images/0370_mobile_phone_aug02.png,emoji showing mobile phone,📱,mobile phone
images/0370_mobile_phone_aug03.png,smartphone mobile phone device,📱,mobile phone
images/0371_laptop_aug00.png,an emoji of laptop,💻,laptop
images/0371_laptop_aug01.png,emoji icon: laptop,💻,laptop
images/0371_laptop_aug02.png,laptop computer screen keyboard,💻,laptop
images/0371_laptop_aug03.png,cartoon laptop,💻,laptop
images/0372_keyboard_aug00.png,emoji icon: keyboard,⌨️,keyboard
images/0372_keyboard_aug01.png,a computer emoji,⌨️,keyboard
images/0372_keyboard_aug02.png,keyboard typing computer input,⌨️,keyboard
images/0372_keyboard_aug03.png,an emoji: keyboard typing computer input,⌨️,keyboard
images/0373_desktop_computer_aug00.png,desktop monitor screen computer,🖥️,desktop computer
images/0373_desktop_computer_aug01.png,emoji: desktop,🖥️,desktop computer
images/0373_desktop_computer_aug02.png,emoji: monitor,🖥️,desktop computer
images/0373_desktop_computer_aug03.png,pixel art of desktop computer,🖥️,desktop computer
images/0374_camera_aug00.png,pixel art of camera,📷,camera
images/0374_camera_aug01.png,a photo emoji,📷,camera
images/0374_camera_aug02.png,emoji: camera,📷,camera
images/0374_camera_aug03.png,cartoon camera,📷,camera
images/0375_television_aug00.png,television icon,📺,television
images/0375_television_aug01.png,an emoji: tv screen watch show,📺,television
images/0375_television_aug02.png,a small illustration of television,📺,television
images/0375_television_aug03.png,pixel art of television,📺,television
images/0376_telescope_aug00.png,emoji: astronomy,🔭,telescope
images/0376_telescope_aug01.png,icon of telescope,🔭,telescope
images/0376_telescope_aug02.png,cartoon telescope,🔭,telescope
images/0376_telescope_aug03.png,a small illustration of telescope,🔭,telescope
images/0377_microscope_aug00.png,icon of microscope,🔬,microscope
images/0377_microscope_aug01.png,cartoon microscope,🔬,microscope
images/0377_microscope_aug02.png,microscope,🔬,microscope
images/0377_microscope_aug03.png,pixel art of microscope,🔬,microscope
images/0378_light_bulb_aug00.png,emoji: idea,💡,light bulb
images/0378_light_bulb_aug01.png,a bright emoji,💡,light bulb
images/0378_light_bulb_aug02.png,an emoji: light bulb idea bright electricity,💡,light bulb
images/0378_light_bulb_aug03.png,emoji showing light bulb,💡,light bulb
images/0379_key_aug00.png,emoji showing key,🔑,key
images/0379_key_aug01.png,key gold door lock open,🔑,key
images/0379_key_aug02.png,an emoji: key gold door lock open,🔑,key
images/0379_key_aug03.png,key icon,🔑,key
images/0380_locked_aug00.png,emoji: locked,🔒,locked
images/0380_locked_aug01.png,locked icon,🔒,locked
images/0380_locked_aug02.png,a colorful emoji depicting locked,🔒,locked
images/0380_locked_aug03.png,a small illustration of locked,🔒,locked
images/0381_unlocked_aug00.png,unlocked icon,🔓,unlocked
images/0381_unlocked_aug01.png,emoji icon: unlocked,🔓,unlocked
images/0381_unlocked_aug02.png,a colorful emoji depicting unlocked,🔓,unlocked
images/0381_unlocked_aug03.png,emoji showing unlocked,🔓,unlocked
images/0382_hammer_aug00.png,pixel art of hammer,🔨,hammer
images/0382_hammer_aug01.png,a hammer emoji,🔨,hammer
images/0382_hammer_aug02.png,hammer tool build hit,🔨,hammer
images/0382_hammer_aug03.png,emoji showing hammer,🔨,hammer
images/0383_gear_aug00.png,cartoon gear,⚙️,gear
images/0383_gear_aug01.png,pixel art of gear,⚙️,gear
images/0383_gear_aug02.png,emoji: mechanical,⚙️,gear
images/0383_gear_aug03.png,a small illustration of gear,⚙️,gear
images/0384_test_tube_aug00.png,test tube icon,🧪,test tube
images/0384_test_tube_aug01.png,emoji: test tube,🧪,test tube
images/0384_test_tube_aug02.png,a lab emoji,🧪,test tube
images/0384_test_tube_aug03.png,a small illustration of test tube,🧪,test tube
images/0385_pill_aug00.png,icon of pill,💊,pill
images/0385_pill_aug01.png,an emoji: pill medicine capsule health,💊,pill
images/0385_pill_aug02.png,emoji: health,💊,pill
images/0385_pill_aug03.png,cartoon pill,💊,pill
images/0386_syringe_aug00.png,cartoon syringe,💉,syringe
images/0386_syringe_aug01.png,emoji icon: syringe,💉,syringe
images/0386_syringe_aug02.png,a small illustration of syringe,💉,syringe
images/0386_syringe_aug03.png,a vaccine emoji,💉,syringe
images/0387_stethoscope_aug00.png,a small illustration of stethoscope,🩺,stethoscope
images/0387_stethoscope_aug01.png,a doctor emoji,🩺,stethoscope
images/0387_stethoscope_aug02.png,stethoscope doctor medical listen,🩺,stethoscope
images/0387_stethoscope_aug03.png,emoji: stethoscope,🩺,stethoscope
images/0388_books_aug00.png,emoji: books,📚,books
images/0388_books_aug01.png,a learn emoji,📚,books
images/0388_books_aug02.png,books stack read learn,📚,books
images/0388_books_aug03.png,emoji: read,📚,books
images/0389_memo_aug00.png,memo note pencil write,📝,memo
images/0389_memo_aug01.png,emoji: write,📝,memo
images/0389_memo_aug02.png,memo,📝,memo
images/0389_memo_aug03.png,icon of memo,📝,memo
images/0390_pencil_aug00.png,a small illustration of pencil,✏️,pencil
images/0390_pencil_aug01.png,a write emoji,✏️,pencil
images/0390_pencil_aug02.png,a colorful emoji depicting pencil,✏️,pencil
images/0390_pencil_aug03.png,pencil,✏️,pencil
images/0391_pen_aug00.png,icon of pen,🖊️,pen
images/0391_pen_aug01.png,an emoji: pen ink write sign,🖊️,pen
images/0391_pen_aug02.png,a write emoji,🖊️,pen
images/0391_pen_aug03.png,emoji: pen,🖊️,pen
images/0392_pushpin_aug00.png,pushpin,📌,pushpin
images/0392_pushpin_aug01.png,emoji: location,📌,pushpin
images/0392_pushpin_aug02.png,a red emoji,📌,pushpin
images/0392_pushpin_aug03.png,pushpin red map location pin,📌,pushpin
images/0393_paperclip_aug00.png,paperclip icon,📎,paperclip
images/0393_paperclip_aug01.png,a small illustration of paperclip,📎,paperclip
images/0393_paperclip_aug02.png,an emoji: paperclip silver attach,📎,paperclip
images/0393_paperclip_aug03.png,emoji: paperclip,📎,paperclip
images/0394_scissors_aug00.png,pixel art of scissors,✂️,scissors
images/0394_scissors_aug01.png,emoji showing scissors,✂️,scissors
images/0394_scissors_aug02.png,an emoji: scissors cut sharp tool,✂️,scissors
images/0394_scissors_aug03.png,cartoon scissors,✂️,scissors
images/0395_wastebasket_aug00.png,an emoji of wastebasket,🗑️,wastebasket
images/0395_wastebasket_aug01.png,wastebasket,🗑️,wastebasket
images/0395_wastebasket_aug02.png,emoji: delete,🗑️,wastebasket
images/0395_wastebasket_aug03.png,emoji: bin,🗑️,wastebasket
images/0396_money_bag_aug00.png,a bag emoji,💰,money bag
images/0396_money_bag_aug01.png,an emoji: money bag gold dollar rich,💰,money bag
images/0396_money_bag_aug02.png,emoji icon: money bag,💰,money bag
images/0396_money_bag_aug03.png,a rich emoji,💰,money bag
images/0397_credit_card_aug00.png,cartoon credit card,💳,credit card
images/0397_credit_card_aug01.png,icon of credit card,💳,credit card
images/0397_credit_card_aug02.png,credit card,💳,credit card
images/0397_credit_card_aug03.png,an emoji: credit card payment swipe,💳,credit card
images/0398_gem_stone_aug00.png,cartoon gem stone,💎,gem stone
images/0398_gem_stone_aug01.png,emoji: sparkle,💎,gem stone
images/0398_gem_stone_aug02.png,a small illustration of gem stone,💎,gem stone
images/0398_gem_stone_aug03.png,a diamond emoji,💎,gem stone
images/0399_trophy_aug00.png,trophy icon,🏆,trophy
images/0399_trophy_aug01.png,cartoon trophy,🏆,trophy
images/0399_trophy_aug02.png,emoji: winner,🏆,trophy
images/0399_trophy_aug03.png,icon of trophy,🏆,trophy
images/0400_1st_place_medal_aug00.png,cartoon 1st place medal,🥇,1st place medal
images/0400_1st_place_medal_aug01.png,a colorful emoji depicting 1st place medal,🥇,1st place medal
images/0400_1st_place_medal_aug02.png,1st place medal icon,🥇,1st place medal
images/0400_1st_place_medal_aug03.png,pixel art of 1st place medal,🥇,1st place medal
images/0401_wrapped_gift_aug00.png,wrapped gift icon,🎁,wrapped gift
images/0401_wrapped_gift_aug01.png,emoji icon: wrapped gift,🎁,wrapped gift
images/0401_wrapped_gift_aug02.png,a small illustration of wrapped gift,🎁,wrapped gift
images/0401_wrapped_gift_aug03.png,a birthday emoji,🎁,wrapped gift
images/0402_balloon_aug00.png,an emoji of balloon,🎈,balloon
images/0402_balloon_aug01.png,balloon,🎈,balloon
images/0402_balloon_aug02.png,a celebrate emoji,🎈,balloon
images/0402_balloon_aug03.png,icon of balloon,🎈,balloon
images/0403_party_popper_aug00.png,emoji icon: party popper,🎉,party popper
images/0403_party_popper_aug01.png,a party popper emoji,🎉,party popper
images/0403_party_popper_aug02.png,party popper confetti celebrate,🎉,party popper
images/0403_party_popper_aug03.png,party popper,🎉,party popper
images/0404_confetti_ball_aug00.png,confetti ball explode colorful party,🎊,confetti ball
images/0404_confetti_ball_aug01.png,emoji: confetti,🎊,confetti ball
images/0404_confetti_ball_aug02.png,a confetti ball emoji,🎊,confetti ball
images/0404_confetti_ball_aug03.png,an emoji of confetti ball,🎊,confetti ball
images/0405_tanabata_tree_aug00.png,a colorful emoji depicting tanabata tree,🎋,tanabata tree
images/0405_tanabata_tree_aug01.png,tanabata tree icon,🎋,tanabata tree
images/0405_tanabata_tree_aug02.png,cartoon tanabata tree,🎋,tanabata tree
images/0405_tanabata_tree_aug03.png,bamboo tanabata wish tree green,🎋,tanabata tree
images/0406_christmas_tree_aug00.png,emoji icon: christmas tree,🎄,christmas tree
images/0406_christmas_tree_aug01.png,icon of christmas tree,🎄,christmas tree
images/0406_christmas_tree_aug02.png,emoji: holiday,🎄,christmas tree
images/0406_christmas_tree_aug03.png,a small illustration of christmas tree,🎄,christmas tree
images/0407_jack-o-lantern_aug00.png,an emoji: pumpkin halloween jack lantern orange,🎃,jack-o-lantern
images/0407_jack-o-lantern_aug01.png,a orange emoji,🎃,jack-o-lantern
images/0407_jack-o-lantern_aug02.png,emoji showing jack-o-lantern,🎃,jack-o-lantern
images/0407_jack-o-lantern_aug03.png,pixel art of jack-o-lantern,🎃,jack-o-lantern
images/0408_fireworks_aug00.png,a night emoji,🎆,fireworks
images/0408_fireworks_aug01.png,a colorful emoji,🎆,fireworks
images/0408_fireworks_aug02.png,emoji: night,🎆,fireworks
images/0408_fireworks_aug03.png,a colorful emoji depicting fireworks,🎆,fireworks
images/0409_firecracker_aug00.png,firecracker,🧨,firecracker
images/0409_firecracker_aug01.png,a small illustration of firecracker,🧨,firecracker
images/0409_firecracker_aug02.png,emoji icon: firecracker,🧨,firecracker
images/0409_firecracker_aug03.png,icon of firecracker,🧨,firecracker
images/0410_moon_viewing_ceremony_aug00.png,a moon viewing ceremony emoji,🎑,moon viewing ceremony
images/0410_moon_viewing_ceremony_aug01.png,a autumn emoji,🎑,moon viewing ceremony
images/0410_moon_viewing_ceremony_aug02.png,moon viewing ceremony icon,🎑,moon viewing ceremony
images/0410_moon_viewing_ceremony_aug03.png,a moon emoji,🎑,moon viewing ceremony
images/0411_red_envelope_aug00.png,a colorful emoji depicting red envelope,🧧,red envelope
images/0411_red_envelope_aug01.png,cartoon red envelope,🧧,red envelope
images/0411_red_envelope_aug02.png,a small illustration of red envelope,🧧,red envelope
images/0411_red_envelope_aug03.png,emoji: red envelope,🧧,red envelope
images/0412_red_question_mark_aug00.png,a help emoji,❓,red question mark
images/0412_red_question_mark_aug01.png,a red question mark emoji,❓,red question mark
images/0412_red_question_mark_aug02.png,a question emoji,❓,red question mark
images/0412_red_question_mark_aug03.png,question mark red unknown,❓,red question mark
images/0413_red_exclamation_mark_aug00.png,emoji: important,❗,red exclamation mark
images/0413_red_exclamation_mark_aug01.png,red exclamation mark,❗,red exclamation mark
images/0413_red_exclamation_mark_aug02.png,an emoji: exclamation important alert red,❗,red exclamation mark
images/0413_red_exclamation_mark_aug03.png,a alert emoji,❗,red exclamation mark
images/0414_hundred_points_aug00.png,an emoji of hundred points,💯,hundred points
images/0414_hundred_points_aug01.png,emoji: perfect,💯,hundred points
images/0414_hundred_points_aug02.png,pixel art of hundred points,💯,hundred points
images/0414_hundred_points_aug03.png,an emoji: 100 percent perfect score,💯,hundred points
images/0415_no_one_under_eighteen_aug00.png,a no one under eighteen emoji,🔞,no one under eighteen
images/0415_no_one_under_eighteen_aug01.png,emoji: adult,🔞,no one under eighteen
images/0415_no_one_under_eighteen_aug02.png,a 18+ emoji,🔞,no one under eighteen
images/0415_no_one_under_eighteen_aug03.png,no one under eighteen icon,🔞,no one under eighteen
images/0416_new_button_aug00.png,pixel art of new button,🆕,new button
images/0416_new_button_aug01.png,emoji icon: new button,🆕,new button
images/0416_new_button_aug02.png,cartoon new button,🆕,new button
images/0416_new_button_aug03.png,new button icon,🆕,new button
images/0417_sos_button_aug00.png,emoji: emergency,🆘,sos button
images/0417_sos_button_aug01.png,emoji: sos,🆘,sos button
images/0417_sos_button_aug02.png,icon of sos button,🆘,sos button
images/0417_sos_button_aug03.png,an emoji: sos emergency help red,🆘,sos button
images/0418_prohibited_aug00.png,emoji: no,🚫,prohibited
images/0418_prohibited_aug01.png,an emoji of prohibited,🚫,prohibited
images/0418_prohibited_aug02.png,icon of prohibited,🚫,prohibited
images/0418_prohibited_aug03.png,a no emoji,🚫,prohibited
images/0419_no_entry_aug00.png,an emoji: no entry stop sign red,⛔,no entry
images/0419_no_entry_aug01.png,emoji: stop,⛔,no entry
images/0419_no_entry_aug02.png,no entry icon,⛔,no entry
images/0419_no_entry_aug03.png,a red emoji,⛔,no entry
images/0420_check_mark_button_aug00.png,a done emoji,✅,check mark button
images/0420_check_mark_button_aug01.png,cartoon check mark button,✅,check mark button
images/0420_check_mark_button_aug02.png,a check mark button emoji,✅,check mark button
images/0420_check_mark_button_aug03.png,icon of check mark button,✅,check mark button
images/0421_cross_mark_aug00.png,cross mark,❌,cross mark
images/0421_cross_mark_aug01.png,icon of cross mark,❌,cross mark
images/0421_cross_mark_aug02.png,emoji: cross,❌,cross mark
images/0421_cross_mark_aug03.png,a no emoji,❌,cross mark
images/0422_red_circle_aug00.png,an emoji: red circle dot,🔴,red circle
images/0422_red_circle_aug01.png,emoji: red,🔴,red circle
images/0422_red_circle_aug02.png,red circle,🔴,red circle
images/0422_red_circle_aug03.png,emoji showing red circle,🔴,red circle
images/0423_orange_circle_aug00.png,a circle emoji,🟠,orange circle
images/0423_orange_circle_aug01.png,a orange circle emoji,🟠,orange circle
images/0423_orange_circle_aug02.png,a colorful emoji depicting orange circle,🟠,orange circle
images/0423_orange_circle_aug03.png,pixel art of orange circle,🟠,orange circle
images/0424_yellow_circle_aug00.png,a yellow emoji,🟡,yellow circle
images/0424_yellow_circle_aug01.png,cartoon yellow circle,🟡,yellow circle
images/0424_yellow_circle_aug02.png,emoji icon: yellow circle,🟡,yellow circle
images/0424_yellow_circle_aug03.png,emoji: circle,🟡,yellow circle
images/0425_green_circle_aug00.png,a green emoji,🟢,green circle
images/0425_green_circle_aug01.png,green circle icon,🟢,green circle
images/0425_green_circle_aug02.png,an emoji: green circle dot,🟢,green circle
images/0425_green_circle_aug03.png,green circle,🟢,green circle
images/0426_blue_circle_aug00.png,cartoon blue circle,🔵,blue circle
images/0426_blue_circle_aug01.png,a blue circle emoji,🔵,blue circle
images/0426_blue_circle_aug02.png,emoji showing blue circle,🔵,blue circle
images/0426_blue_circle_aug03.png,emoji: circle,🔵,blue circle
images/0427_purple_circle_aug00.png,a circle emoji,🟣,purple circle
images/0427_purple_circle_aug01.png,emoji showing purple circle,🟣,purple circle
images/0427_purple_circle_aug02.png,pixel art of purple circle,🟣,purple circle
images/0427_purple_circle_aug03.png,emoji: dot,🟣,purple circle
images/0428_black_circle_aug00.png,black circle dot,⚫,black circle
images/0428_black_circle_aug01.png,icon of black circle,⚫,black circle
images/0428_black_circle_aug02.png,black circle,⚫,black circle
images/0428_black_circle_aug03.png,cartoon black circle,⚫,black circle
images/0429_white_circle_aug00.png,white circle icon,⚪,white circle
images/0429_white_circle_aug01.png,icon of white circle,⚪,white circle
images/0429_white_circle_aug02.png,a white emoji,⚪,white circle
images/0429_white_circle_aug03.png,pixel art of white circle,⚪,white circle
images/0430_large_orange_diamond_aug00.png,orange diamond shape,🔶,large orange diamond
images/0430_large_orange_diamond_aug01.png,a colorful emoji depicting large orange diamond,🔶,large orange diamond
images/0430_large_orange_diamond_aug02.png,emoji icon: large orange diamond,🔶,large orange diamond
images/0430_large_orange_diamond_aug03.png,emoji: orange,🔶,large orange diamond
images/0431_large_blue_diamond_aug00.png,emoji: blue,🔷,large blue diamond
images/0431_large_blue_diamond_aug01.png,large blue diamond,🔷,large blue diamond
images/0431_large_blue_diamond_aug02.png,a diamond emoji,🔷,large blue diamond
images/0431_large_blue_diamond_aug03.png,cartoon large blue diamond,🔷,large blue diamond
images/0432_star_aug00.png,emoji icon: star,⭐,star
images/0432_star_aug01.png,emoji: star,⭐,star
images/0432_star_aug02.png,cartoon star,⭐,star
images/0432_star_aug03.png,emoji: five,⭐,star
images/0433_cyclone_aug00.png,a swirl emoji,🌀,cyclone
images/0433_cyclone_aug01.png,cyclone icon,🌀,cyclone
images/0433_cyclone_aug02.png,cartoon cyclone,🌀,cyclone
images/0433_cyclone_aug03.png,cyclone,🌀,cyclone
images/0434_speaker_high_volume_aug00.png,a speaker high volume emoji,🔊,speaker high volume
images/0434_speaker_high_volume_aug01.png,emoji: speaker,🔊,speaker high volume
images/0434_speaker_high_volume_aug02.png,a colorful emoji depicting speaker high volume,🔊,speaker high volume
images/0434_speaker_high_volume_aug03.png,cartoon speaker high volume,🔊,speaker high volume
images/0435_bell_with_slash_aug00.png,a mute emoji,🔕,bell with slash
images/0435_bell_with_slash_aug01.png,emoji: mute,🔕,bell with slash
images/0435_bell_with_slash_aug02.png,a small illustration of bell with slash,🔕,bell with slash
images/0435_bell_with_slash_aug03.png,a bell with slash emoji,🔕,bell with slash
images/0436_zzz_aug00.png,a sleep emoji,💤,zzz
images/0436_zzz_aug01.png,emoji icon: zzz,💤,zzz
images/0436_zzz_aug02.png,emoji: snore,💤,zzz
images/0436_zzz_aug03.png,pixel art of zzz,💤,zzz
images/0437_anger_symbol_aug00.png,pixel art of anger symbol,💢,anger symbol
images/0437_anger_symbol_aug01.png,a colorful emoji depicting anger symbol,💢,anger symbol
images/0437_anger_symbol_aug02.png,anger symbol red comic mad,💢,anger symbol
images/0437_anger_symbol_aug03.png,emoji: mad,💢,anger symbol
images/0438_collision_aug00.png,a explosion emoji,💥,collision
images/0438_collision_aug01.png,a collision emoji,💥,collision
images/0438_collision_aug02.png,an emoji of collision,💥,collision
images/0438_collision_aug03.png,emoji: explosion,💥,collision
images/0439_dizzy_star_aug00.png,dizzy star,💫,dizzy star
images/0439_dizzy_star_aug01.png,dizzy star icon,💫,dizzy star
images/0439_dizzy_star_aug02.png,cartoon dizzy star,💫,dizzy star
images/0439_dizzy_star_aug03.png,icon of dizzy star,💫,dizzy star
images/0440_sweat_droplets_aug00.png,a splash emoji,💦,sweat droplets
images/0440_sweat_droplets_aug01.png,emoji: water,💦,sweat droplets
images/0440_sweat_droplets_aug02.png,sweat droplets,💦,sweat droplets
images/0440_sweat_droplets_aug03.png,emoji showing sweat droplets,💦,sweat droplets
images/0441_dashing_away_aug00.png,emoji: dash,💨,dashing away
images/0441_dashing_away_aug01.png,emoji showing dashing away,💨,dashing away
images/0441_dashing_away_aug02.png,a colorful emoji depicting dashing away,💨,dashing away
images/0441_dashing_away_aug03.png,cartoon dashing away,💨,dashing away
images/0442_hole_aug00.png,hole icon,🕳️,hole
images/0442_hole_aug01.png,emoji: hole,🕳️,hole
images/0442_hole_aug02.png,emoji: empty,🕳️,hole
images/0442_hole_aug03.png,hole,🕳️,hole
images/0443_speech_bubble_aug00.png,a colorful emoji depicting speech bubble,💬,speech bubble
images/0443_speech_bubble_aug01.png,speech bubble icon,💬,speech bubble
images/0443_speech_bubble_aug02.png,icon of speech bubble,💬,speech bubble
images/0443_speech_bubble_aug03.png,speech bubble talk chat,💬,speech bubble
images/0444_thought_balloon_aug00.png,a small illustration of thought balloon,💭,thought balloon
images/0444_thought_balloon_aug01.png,a idea emoji,💭,thought balloon
images/0444_thought_balloon_aug02.png,emoji: idea,💭,thought balloon
images/0444_thought_balloon_aug03.png,a colorful emoji depicting thought balloon,💭,thought balloon
images/0445_right_anger_bubble_aug00.png,a anger emoji,🗯️,right anger bubble
images/0445_right_anger_bubble_aug01.png,cartoon right anger bubble,🗯️,right anger bubble
images/0445_right_anger_bubble_aug02.png,a small illustration of right anger bubble,🗯️,right anger bubble
images/0445_right_anger_bubble_aug03.png,emoji: shout,🗯️,right anger bubble
